"Fri, Nov 2, 1990",Orlando Magic,111,Atlanta Hawks,115,Box Score,,
"Fri, Nov 2, 1990",Cleveland Cavaliers,101,Boston Celtics,125,Box Score,,
"Fri, Nov 2, 1990",New York Knicks,134,Charlotte Hornets,130,Box Score,OT,
"Fri, Nov 2, 1990",Philadelphia 76ers,124,Chicago Bulls,116,Box Score,,
"Fri, Nov 2, 1990",Golden State Warriors,162,Denver Nuggets,158,Box Score,,
"Fri, Nov 2, 1990",Milwaukee Bucks,104,Detroit Pistons,115,Box Score,,
"Fri, Nov 2, 1990",New Jersey Nets,81,Indiana Pacers,100,Box Score,,
"Fri, Nov 2, 1990",Sacramento Kings,80,Los Angeles Clippers,90,Box Score,,
"Fri, Nov 2, 1990",Washington Bullets,95,Miami Heat,119,Box Score,,
"Fri, Nov 2, 1990",Dallas Mavericks,85,Minnesota Timberwolves,98,Box Score,,
"Fri, Nov 2, 1990",Houston Rockets,89,Portland Trail Blazers,90,Box Score,,
"Fri, Nov 2, 1990",Phoenix Suns,119,Utah Jazz,96,Box Score,,"at Tokyo, Japan (Tokyo Metropolitan Gymnasium)"
"Sat, Nov 3, 1990",Indiana Pacers,120,Atlanta Hawks,121,Box Score,,
"Sat, Nov 3, 1990",Denver Nuggets,110,Dallas Mavericks,140,Box Score,,
"Sat, Nov 3, 1990",Cleveland Cavaliers,97,Detroit Pistons,106,Box Score,,
"Sat, Nov 3, 1990",Minnesota Timberwolves,93,Milwaukee Bucks,111,Box Score,,
"Sat, Nov 3, 1990",Boston Celtics,106,New York Knicks,103,Box Score,,
"Sat, Nov 3, 1990",Charlotte Hornets,104,Orlando Magic,97,Box Score,,
"Sat, Nov 3, 1990",New Jersey Nets,110,Philadelphia 76ers,112,Box Score,OT,
"Sat, Nov 3, 1990",Utah Jazz,102,Phoenix Suns,101,Box Score,,"at Tokyo, Japan (Tokyo Metropolitan Gymnasium)"
"Sat, Nov 3, 1990",Portland Trail Blazers,95,Sacramento Kings,93,Box Score,OT,
"Sat, Nov 3, 1990",Los Angeles Lakers,99,San Antonio Spurs,110,Box Score,,
"Sat, Nov 3, 1990",Houston Rockets,106,Seattle SuperSonics,118,Box Score,,
"Sat, Nov 3, 1990",Chicago Bulls,102,Washington Bullets,103,Box Score,,
"Sun, Nov 4, 1990",Golden State Warriors,107,Los Angeles Clippers,109,Box Score,,
"Tue, Nov 6, 1990",New Jersey Nets,105,Charlotte Hornets,113,Box Score,,
"Tue, Nov 6, 1990",Boston Celtics,110,Chicago Bulls,108,Box Score,,
"Tue, Nov 6, 1990",Los Angeles Clippers,109,Golden State Warriors,130,Box Score,,
"Tue, Nov 6, 1990",Denver Nuggets,135,Houston Rockets,145,Box Score,,
"Tue, Nov 6, 1990",Minnesota Timberwolves,96,Indiana Pacers,98,Box Score,,
"Tue, Nov 6, 1990",Portland Trail Blazers,125,Los Angeles Lakers,123,Box Score,OT,
"Tue, Nov 6, 1990",Milwaukee Bucks,106,Miami Heat,94,Box Score,,
"Tue, Nov 6, 1990",Dallas Mavericks,96,New York Knicks,91,Box Score,,
"Tue, Nov 6, 1990",Cleveland Cavaliers,102,Orlando Magic,95,Box Score,,
"Tue, Nov 6, 1990",Atlanta Hawks,102,Sacramento Kings,85,Box Score,,
"Tue, Nov 6, 1990",Detroit Pistons,92,Seattle SuperSonics,100,Box Score,,
"Wed, Nov 7, 1990",Charlotte Hornets,89,Cleveland Cavaliers,100,Box Score,,
"Wed, Nov 7, 1990",Detroit Pistons,110,Los Angeles Clippers,83,Box Score,,
"Wed, Nov 7, 1990",Chicago Bulls,96,Minnesota Timberwolves,91,Box Score,,
"Wed, Nov 7, 1990",Dallas Mavericks,104,Philadelphia 76ers,101,Box Score,,
"Wed, Nov 7, 1990",Golden State Warriors,119,Phoenix Suns,126,Box Score,,
"Wed, Nov 7, 1990",Denver Nuggets,153,San Antonio Spurs,161,Box Score,,
"Thu, Nov 8, 1990",Orlando Magic,99,Houston Rockets,103,Box Score,,
"Thu, Nov 8, 1990",Philadelphia 76ers,111,Milwaukee Bucks,141,Box Score,,
"Thu, Nov 8, 1990",Miami Heat,103,New Jersey Nets,114,Box Score,,
"Thu, Nov 8, 1990",Washington Bullets,103,New York Knicks,114,Box Score,,
"Thu, Nov 8, 1990",San Antonio Spurs,94,Utah Jazz,103,Box Score,,
"Fri, Nov 9, 1990",Chicago Bulls,120,Boston Celtics,100,Box Score,,
"Fri, Nov 9, 1990",Orlando Magic,99,Dallas Mavericks,111,Box Score,,
"Fri, Nov 9, 1990",Seattle SuperSonics,135,Denver Nuggets,129,Box Score,,
"Fri, Nov 9, 1990",Atlanta Hawks,128,Golden State Warriors,143,Box Score,,
"Fri, Nov 9, 1990",Cleveland Cavaliers,107,Indiana Pacers,122,Box Score,,
"Fri, Nov 9, 1990",Sacramento Kings,86,Los Angeles Lakers,100,Box Score,,
"Fri, Nov 9, 1990",Charlotte Hornets,77,Minnesota Timberwolves,106,Box Score,,
"Fri, Nov 9, 1990",Detroit Pistons,101,Portland Trail Blazers,113,Box Score,,
"Fri, Nov 9, 1990",Milwaukee Bucks,108,Washington Bullets,100,Box Score,,
"Sat, Nov 10, 1990",Charlotte Hornets,86,Chicago Bulls,105,Box Score,,
"Sat, Nov 10, 1990",Philadelphia 76ers,88,Cleveland Cavaliers,104,Box Score,,
"Sat, Nov 10, 1990",Atlanta Hawks,112,Los Angeles Clippers,94,Box Score,,
"Sat, Nov 10, 1990",Indiana Pacers,105,Miami Heat,120,Box Score,,
"Sat, Nov 10, 1990",Boston Celtics,105,New Jersey Nets,91,Box Score,,
"Sat, Nov 10, 1990",Denver Nuggets,143,Phoenix Suns,173,Box Score,,
"Sat, Nov 10, 1990",New York Knicks,93,Sacramento Kings,88,Box Score,,
"Sat, Nov 10, 1990",Houston Rockets,110,San Antonio Spurs,111,Box Score,,
"Sat, Nov 10, 1990",Golden State Warriors,117,Seattle SuperSonics,100,Box Score,,"at Tacoma, WA"
"Sun, Nov 11, 1990",Utah Jazz,90,Houston Rockets,110,Box Score,,
"Sun, Nov 11, 1990",New York Knicks,109,Los Angeles Lakers,103,Box Score,,
"Sun, Nov 11, 1990",Orlando Magic,81,Minnesota Timberwolves,108,Box Score,,
"Sun, Nov 11, 1990",Los Angeles Clippers,107,Portland Trail Blazers,138,Box Score,,
"Mon, Nov 12, 1990",Washington Bullets,97,New Jersey Nets,92,Box Score,,
"Tue, Nov 13, 1990",Cleveland Cavaliers,121,Atlanta Hawks,104,Box Score,,
"Tue, Nov 13, 1990",Washington Bullets,105,Charlotte Hornets,120,Box Score,,
"Tue, Nov 13, 1990",Miami Heat,93,Detroit Pistons,118,Box Score,,
"Tue, Nov 13, 1990",San Antonio Spurs,124,Golden State Warriors,128,Box Score,,
"Tue, Nov 13, 1990",Minnesota Timberwolves,88,Houston Rockets,90,Box Score,,
"Tue, Nov 13, 1990",Philadelphia 76ers,108,Indiana Pacers,100,Box Score,,
"Tue, Nov 13, 1990",Phoenix Suns,112,Los Angeles Lakers,111,Box Score,,
"Tue, Nov 13, 1990",Boston Celtics,91,Milwaukee Bucks,119,Box Score,,
"Tue, Nov 13, 1990",Dallas Mavericks,103,Orlando Magic,109,Box Score,,
"Tue, Nov 13, 1990",Denver Nuggets,129,Portland Trail Blazers,155,Box Score,,
"Tue, Nov 13, 1990",New York Knicks,116,Seattle SuperSonics,110,Box Score,OT,
"Tue, Nov 13, 1990",Chicago Bulls,84,Utah Jazz,82,Box Score,,
"Wed, Nov 14, 1990",Charlotte Hornets,126,Boston Celtics,135,Box Score,,
"Wed, Nov 14, 1990",Indiana Pacers,95,Cleveland Cavaliers,113,Box Score,,
"Wed, Nov 14, 1990",Phoenix Suns,102,Los Angeles Clippers,108,Box Score,,
"Wed, Nov 14, 1990",Dallas Mavericks,93,Miami Heat,105,Box Score,,
"Wed, Nov 14, 1990",Milwaukee Bucks,95,New Jersey Nets,112,Box Score,,
"Wed, Nov 14, 1990",Atlanta Hawks,104,Philadelphia 76ers,112,Box Score,,
"Thu, Nov 15, 1990",Minnesota Timberwolves,108,Denver Nuggets,121,Box Score,,
"Thu, Nov 15, 1990",Chicago Bulls,93,Golden State Warriors,103,Box Score,,
"Thu, Nov 15, 1990",Los Angeles Lakers,108,Houston Rockets,103,Box Score,OT,
"Thu, Nov 15, 1990",Utah Jazz,99,Orlando Magic,102,Box Score,OT,
"Thu, Nov 15, 1990",New York Knicks,125,Portland Trail Blazers,141,Box Score,,
"Thu, Nov 15, 1990",San Antonio Spurs,122,Sacramento Kings,93,Box Score,,
"Fri, Nov 16, 1990",Charlotte Hornets,119,Atlanta Hawks,109,Box Score,,
"Fri, Nov 16, 1990",Utah Jazz,89,Boston Celtics,114,Box Score,,
"Fri, Nov 16, 1990",Milwaukee Bucks,94,Cleveland Cavaliers,99,Box Score,,
"Fri, Nov 16, 1990",Los Angeles Lakers,86,Dallas Mavericks,99,Box Score,,
"Fri, Nov 16, 1990",Miami Heat,80,Indiana Pacers,106,Box Score,,
"Fri, Nov 16, 1990",Detroit Pistons,105,New Jersey Nets,96,Box Score,,
"Fri, Nov 16, 1990",Washington Bullets,102,Philadelphia 76ers,115,Box Score,OT,
"Fri, Nov 16, 1990",Los Angeles Clippers,110,Phoenix Suns,121,Box Score,OT,
"Sat, Nov 17, 1990",Cleveland Cavaliers,100,Charlotte Hornets,112,Box Score,,
"Sat, Nov 17, 1990",Portland Trail Blazers,143,Denver Nuggets,112,Box Score,,
"Sat, Nov 17, 1990",Atlanta Hawks,83,Detroit Pistons,91,Box Score,,
"Sat, Nov 17, 1990",Sacramento Kings,111,Golden State Warriors,112,Box Score,,
"Sat, Nov 17, 1990",Miami Heat,100,Houston Rockets,117,Box Score,,
"Sat, Nov 17, 1990",New Jersey Nets,99,Milwaukee Bucks,111,Box Score,,
"Sat, Nov 17, 1990",Philadelphia 76ers,79,New York Knicks,106,Box Score,,
"Sat, Nov 17, 1990",Indiana Pacers,89,Orlando Magic,96,Box Score,,
"Sat, Nov 17, 1990",Phoenix Suns,114,San Antonio Spurs,128,Box Score,,
"Sat, Nov 17, 1990",Chicago Bulls,116,Seattle SuperSonics,95,Box Score,,
"Sat, Nov 17, 1990",Boston Celtics,102,Washington Bullets,90,Box Score,,
"Sun, Nov 18, 1990",Seattle SuperSonics,65,Los Angeles Clippers,78,Box Score,,
"Sun, Nov 18, 1990",Golden State Warriors,93,Los Angeles Lakers,115,Box Score,,
"Sun, Nov 18, 1990",Utah Jazz,103,Minnesota Timberwolves,94,Box Score,,
"Sun, Nov 18, 1990",Chicago Bulls,112,Portland Trail Blazers,125,Box Score,,
"Mon, Nov 19, 1990",Los Angeles Lakers,122,Denver Nuggets,105,Box Score,,
"Mon, Nov 19, 1990",Utah Jazz,104,Milwaukee Bucks,114,Box Score,,
"Mon, Nov 19, 1990",Charlotte Hornets,101,Philadelphia 76ers,109,Box Score,,
"Tue, Nov 20, 1990",Atlanta Hawks,121,Charlotte Hornets,128,Box Score,,
"Tue, Nov 20, 1990",Minnesota Timberwolves,92,Dallas Mavericks,91,Box Score,OT,
"Tue, Nov 20, 1990",Orlando Magic,120,Golden State Warriors,123,Box Score,,
"Tue, Nov 20, 1990",Detroit Pistons,106,Miami Heat,90,Box Score,,
"Tue, Nov 20, 1990",Houston Rockets,115,New York Knicks,88,Box Score,,
"Tue, Nov 20, 1990",New Jersey Nets,88,Seattle SuperSonics,105,Box Score,,
"Tue, Nov 20, 1990",Sacramento Kings,87,Washington Bullets,82,Box Score,,
"Wed, Nov 21, 1990",Houston Rockets,95,Boston Celtics,108,Box Score,,
"Wed, Nov 21, 1990",Miami Heat,109,Cleveland Cavaliers,123,Box Score,,
"Wed, Nov 21, 1990",Detroit Pistons,108,Indiana Pacers,100,Box Score,OT,
"Wed, Nov 21, 1990",New Jersey Nets,90,Los Angeles Clippers,99,Box Score,,
"Wed, Nov 21, 1990",Denver Nuggets,121,Los Angeles Lakers,141,Box Score,,
"Wed, Nov 21, 1990",Atlanta Hawks,93,Milwaukee Bucks,105,Box Score,,
"Wed, Nov 21, 1990",Sacramento Kings,99,Philadelphia 76ers,101,Box Score,,
"Wed, Nov 21, 1990",Chicago Bulls,107,Phoenix Suns,109,Box Score,,
"Wed, Nov 21, 1990",Minnesota Timberwolves,100,San Antonio Spurs,114,Box Score,,
"Wed, Nov 21, 1990",Orlando Magic,91,Utah Jazz,106,Box Score,,
"Fri, Nov 23, 1990",Sacramento Kings,105,Boston Celtics,115,Box Score,,
"Fri, Nov 23, 1990",Miami Heat,116,Charlotte Hornets,100,Box Score,,
"Fri, Nov 23, 1990",San Antonio Spurs,107,Dallas Mavericks,104,Box Score,,
"Fri, Nov 23, 1990",Washington Bullets,88,Detroit Pistons,97,Box Score,,
"Fri, Nov 23, 1990",Houston Rockets,111,Indiana Pacers,112,Box Score,,
"Fri, Nov 23, 1990",Chicago Bulls,105,Los Angeles Clippers,97,Box Score,,
"Fri, Nov 23, 1990",Cleveland Cavaliers,105,Philadelphia 76ers,111,Box Score,,
"Fri, Nov 23, 1990",New Jersey Nets,116,Phoenix Suns,114,Box Score,,
"Fri, Nov 23, 1990",Golden State Warriors,119,Portland Trail Blazers,143,Box Score,,
"Fri, Nov 23, 1990",Seattle SuperSonics,96,Utah Jazz,97,Box Score,,
"Sat, Nov 24, 1990",Philadelphia 76ers,124,Atlanta Hawks,121,Box Score,,
"Sat, Nov 24, 1990",Boston Celtics,113,Cleveland Cavaliers,102,Box Score,,
"Sat, Nov 24, 1990",Utah Jazz,85,Dallas Mavericks,74,Box Score,,
"Sat, Nov 24, 1990",Chicago Bulls,151,Denver Nuggets,145,Box Score,,
"Sat, Nov 24, 1990",New Jersey Nets,117,Golden State Warriors,113,Box Score,,
"Sat, Nov 24, 1990",Orlando Magic,89,Los Angeles Lakers,115,Box Score,,
"Sat, Nov 24, 1990",Charlotte Hornets,125,Miami Heat,112,Box Score,,
"Sat, Nov 24, 1990",Milwaukee Bucks,107,New York Knicks,97,Box Score,,
"Sat, Nov 24, 1990",Indiana Pacers,105,Washington Bullets,107,Box Score,OT,
"Sun, Nov 25, 1990",Sacramento Kings,92,Detroit Pistons,105,Box Score,,
"Sun, Nov 25, 1990",Orlando Magic,91,Los Angeles Clippers,119,Box Score,,
"Sun, Nov 25, 1990",Houston Rockets,107,Minnesota Timberwolves,91,Box Score,,
"Sun, Nov 25, 1990",San Antonio Spurs,103,Portland Trail Blazers,117,Box Score,,
"Mon, Nov 26, 1990",Miami Heat,101,Boston Celtics,118,Box Score,,"at Hartford, CT"
"Tue, Nov 27, 1990",Detroit Pistons,120,Atlanta Hawks,97,Box Score,,
"Tue, Nov 27, 1990",Orlando Magic,113,Denver Nuggets,124,Box Score,,
"Tue, Nov 27, 1990",Los Angeles Clippers,102,Houston Rockets,107,Box Score,,
"Tue, Nov 27, 1990",Indiana Pacers,98,Milwaukee Bucks,112,Box Score,,
"Tue, Nov 27, 1990",Philadelphia 76ers,92,New Jersey Nets,98,Box Score,,
"Tue, Nov 27, 1990",Cleveland Cavaliers,107,New York Knicks,102,Box Score,,
"Tue, Nov 27, 1990",Phoenix Suns,123,Portland Trail Blazers,109,Box Score,,
"Tue, Nov 27, 1990",Minnesota Timberwolves,89,Sacramento Kings,80,Box Score,,
"Tue, Nov 27, 1990",San Antonio Spurs,124,Seattle SuperSonics,111,Box Score,,
"Tue, Nov 27, 1990",Golden State Warriors,113,Washington Bullets,115,Box Score,,
"Wed, Nov 28, 1990",Milwaukee Bucks,111,Charlotte Hornets,118,Box Score,OT,
"Wed, Nov 28, 1990",Washington Bullets,94,Chicago Bulls,118,Box Score,,
"Wed, Nov 28, 1990",Golden State Warriors,110,Cleveland Cavaliers,108,Box Score,,
"Wed, Nov 28, 1990",Los Angeles Clippers,88,Dallas Mavericks,107,Box Score,,
"Wed, Nov 28, 1990",New York Knicks,83,Detroit Pistons,90,Box Score,,
"Wed, Nov 28, 1990",San Antonio Spurs,80,Los Angeles Lakers,97,Box Score,,
"Wed, Nov 28, 1990",New Jersey Nets,79,Miami Heat,97,Box Score,,
"Wed, Nov 28, 1990",Indiana Pacers,106,Philadelphia 76ers,116,Box Score,,
"Wed, Nov 28, 1990",Houston Rockets,92,Utah Jazz,103,Box Score,,
"Thu, Nov 29, 1990",Sacramento Kings,128,Denver Nuggets,136,Box Score,,
"Thu, Nov 29, 1990",Seattle SuperSonics,110,Phoenix Suns,128,Box Score,,
"Thu, Nov 29, 1990",Minnesota Timberwolves,92,Portland Trail Blazers,107,Box Score,,
"Fri, Nov 30, 1990",Cleveland Cavaliers,101,Atlanta Hawks,93,Box Score,,
"Fri, Nov 30, 1990",Washington Bullets,95,Boston Celtics,123,Box Score,,
"Fri, Nov 30, 1990",Indiana Pacers,95,Chicago Bulls,124,Box Score,,
"Fri, Nov 30, 1990",Philadelphia 76ers,94,Detroit Pistons,96,Box Score,,
"Fri, Nov 30, 1990",New York Knicks,97,Milwaukee Bucks,103,Box Score,,
"Fri, Nov 30, 1990",Golden State Warriors,119,Orlando Magic,113,Box Score,,
"Fri, Nov 30, 1990",Minnesota Timberwolves,79,Utah Jazz,96,Box Score,,
"Sat, Dec 1, 1990",Chicago Bulls,120,Cleveland Cavaliers,85,Box Score,,
"Sat, Dec 1, 1990",Los Angeles Clippers,137,Denver Nuggets,121,Box Score,,
"Sat, Dec 1, 1990",Sacramento Kings,93,Houston Rockets,117,Box Score,,
"Sat, Dec 1, 1990",Golden State Warriors,137,Miami Heat,111,Box Score,,
"Sat, Dec 1, 1990",Orlando Magic,92,New Jersey Nets,111,Box Score,,
"Sat, Dec 1, 1990",Charlotte Hornets,96,New York Knicks,113,Box Score,,
"Sat, Dec 1, 1990",Boston Celtics,110,Philadelphia 76ers,116,Box Score,,
"Sat, Dec 1, 1990",Los Angeles Lakers,108,Phoenix Suns,98,Box Score,,
"Sat, Dec 1, 1990",Dallas Mavericks,97,San Antonio Spurs,109,Box Score,,
"Sat, Dec 1, 1990",Portland Trail Blazers,130,Seattle SuperSonics,124,Box Score,3OT,
"Sat, Dec 1, 1990",Detroit Pistons,83,Washington Bullets,94,Box Score,,
"Sun, Dec 2, 1990",Milwaukee Bucks,103,Indiana Pacers,107,Box Score,,
"Sun, Dec 2, 1990",Minnesota Timberwolves,77,Los Angeles Clippers,102,Box Score,,
"Sun, Dec 2, 1990",Utah Jazz,97,Portland Trail Blazers,101,Box Score,,
"Mon, Dec 3, 1990",Seattle SuperSonics,102,Boston Celtics,135,Box Score,,
"Mon, Dec 3, 1990",Washington Bullets,101,Utah Jazz,135,Box Score,,
"Tue, Dec 4, 1990",Phoenix Suns,127,Chicago Bulls,155,Box Score,,
"Tue, Dec 4, 1990",Denver Nuggets,117,Cleveland Cavaliers,121,Box Score,,
"Tue, Dec 4, 1990",Atlanta Hawks,113,Houston Rockets,110,Box Score,,
"Tue, Dec 4, 1990",Detroit Pistons,90,Los Angeles Lakers,114,Box Score,,
"Tue, Dec 4, 1990",Portland Trail Blazers,98,Miami Heat,95,Box Score,,
"Tue, Dec 4, 1990",Indiana Pacers,81,Minnesota Timberwolves,83,Box Score,,
"Tue, Dec 4, 1990",Seattle SuperSonics,102,New Jersey Nets,106,Box Score,,
"Tue, Dec 4, 1990",Orlando Magic,113,New York Knicks,102,Box Score,,
"Tue, Dec 4, 1990",Milwaukee Bucks,108,Philadelphia 76ers,109,Box Score,OT,
"Tue, Dec 4, 1990",Dallas Mavericks,83,Sacramento Kings,103,Box Score,,
"Wed, Dec 5, 1990",Denver Nuggets,140,Boston Celtics,148,Box Score,,
"Wed, Dec 5, 1990",Washington Bullets,104,Golden State Warriors,98,Box Score,,
"Wed, Dec 5, 1990",Phoenix Suns,121,Indiana Pacers,126,Box Score,,
"Wed, Dec 5, 1990",Dallas Mavericks,89,Los Angeles Clippers,93,Box Score,,
"Wed, Dec 5, 1990",Cleveland Cavaliers,109,Milwaukee Bucks,113,Box Score,OT,
"Wed, Dec 5, 1990",Portland Trail Blazers,119,Orlando Magic,110,Box Score,,
"Wed, Dec 5, 1990",Atlanta Hawks,110,San Antonio Spurs,108,Box Score,,
"Wed, Dec 5, 1990",Detroit Pistons,85,Utah Jazz,106,Box Score,,
"Thu, Dec 6, 1990",Charlotte Hornets,110,Houston Rockets,116,Box Score,,
"Thu, Dec 6, 1990",Seattle SuperSonics,105,Miami Heat,103,Box Score,,
"Thu, Dec 6, 1990",Los Angeles Lakers,83,Minnesota Timberwolves,73,Box Score,,
"Thu, Dec 6, 1990",Washington Bullets,86,Sacramento Kings,104,Box Score,,
"Fri, Dec 7, 1990",Milwaukee Bucks,104,Atlanta Hawks,103,Box Score,,
"Fri, Dec 7, 1990",New York Knicks,98,Chicago Bulls,108,Box Score,,
"Fri, Dec 7, 1990",Boston Celtics,112,Dallas Mavericks,104,Box Score,,
"Fri, Dec 7, 1990",Detroit Pistons,110,Golden State Warriors,113,Box Score,,
"Fri, Dec 7, 1990",Portland Trail Blazers,127,Indiana Pacers,105,Box Score,,
"Fri, Dec 7, 1990",Phoenix Suns,129,New Jersey Nets,110,Box Score,,
"Fri, Dec 7, 1990",Seattle SuperSonics,100,Orlando Magic,106,Box Score,,
"Fri, Dec 7, 1990",Denver Nuggets,126,Philadelphia 76ers,135,Box Score,,
"Fri, Dec 7, 1990",Los Angeles Lakers,79,Utah Jazz,101,Box Score,,
"Sat, Dec 8, 1990",New York Knicks,86,Atlanta Hawks,99,Box Score,,
"Sat, Dec 8, 1990",Denver Nuggets,126,Charlotte Hornets,119,Box Score,,
"Sat, Dec 8, 1990",Portland Trail Blazers,109,Chicago Bulls,101,Box Score,,
"Sat, Dec 8, 1990",Houston Rockets,113,Dallas Mavericks,107,Box Score,,
"Sat, Dec 8, 1990",Cleveland Cavaliers,99,Indiana Pacers,114,Box Score,,
"Sat, Dec 8, 1990",Utah Jazz,105,Los Angeles Clippers,95,Box Score,,
"Sat, Dec 8, 1990",Phoenix Suns,113,Orlando Magic,109,Box Score,,
"Sat, Dec 8, 1990",Detroit Pistons,104,Sacramento Kings,93,Box Score,,
"Sat, Dec 8, 1990",Boston Celtics,96,San Antonio Spurs,102,Box Score,,
"Sun, Dec 9, 1990",Washington Bullets,99,Los Angeles Lakers,106,Box Score,,
"Sun, Dec 9, 1990",Seattle SuperSonics,99,Milwaukee Bucks,105,Box Score,,
"Mon, Dec 10, 1990",Boston Celtics,107,Houston Rockets,95,Box Score,,
"Mon, Dec 10, 1990",Charlotte Hornets,115,New Jersey Nets,121,Box Score,,
"Tue, Dec 11, 1990",Washington Bullets,125,Denver Nuggets,128,Box Score,,
"Tue, Dec 11, 1990",San Antonio Spurs,95,Detroit Pistons,86,Box Score,,
"Tue, Dec 11, 1990",Chicago Bulls,87,Milwaukee Bucks,99,Box Score,,
"Tue, Dec 11, 1990",Los Angeles Clippers,95,Minnesota Timberwolves,101,Box Score,,
"Tue, Dec 11, 1990",Miami Heat,90,New York Knicks,109,Box Score,,
"Tue, Dec 11, 1990",Philadelphia 76ers,119,Orlando Magic,114,Box Score,,
"Tue, Dec 11, 1990",Sacramento Kings,90,Phoenix Suns,113,Box Score,,
"Tue, Dec 11, 1990",Indiana Pacers,96,Portland Trail Blazers,122,Box Score,,
"Tue, Dec 11, 1990",Golden State Warriors,117,Utah Jazz,135,Box Score,,
"Wed, Dec 12, 1990",Milwaukee Bucks,111,Boston Celtics,129,Box Score,,
"Wed, Dec 12, 1990",San Antonio Spurs,92,Charlotte Hornets,81,Box Score,,
"Wed, Dec 12, 1990",Los Angeles Clippers,100,Cleveland Cavaliers,90,Box Score,,
"Wed, Dec 12, 1990",Dallas Mavericks,112,Los Angeles Lakers,97,Box Score,OT,
"Wed, Dec 12, 1990",Atlanta Hawks,118,Miami Heat,93,Box Score,,
"Wed, Dec 12, 1990",Houston Rockets,108,Philadelphia 76ers,100,Box Score,,
"Wed, Dec 12, 1990",Indiana Pacers,90,Seattle SuperSonics,99,Box Score,,
"Thu, Dec 13, 1990",New Jersey Nets,97,Atlanta Hawks,106,Box Score,,
"Thu, Dec 13, 1990",Seattle SuperSonics,106,Golden State Warriors,129,Box Score,,
"Thu, Dec 13, 1990",New York Knicks,87,Minnesota Timberwolves,76,Box Score,,
"Thu, Dec 13, 1990",Orlando Magic,114,Phoenix Suns,125,Box Score,,
"Thu, Dec 13, 1990",Portland Trail Blazers,88,Sacramento Kings,100,Box Score,,
"Thu, Dec 13, 1990",Denver Nuggets,126,Utah Jazz,141,Box Score,,
"Fri, Dec 14, 1990",Detroit Pistons,100,Boston Celtics,108,Box Score,,
"Fri, Dec 14, 1990",Los Angeles Clippers,88,Chicago Bulls,128,Box Score,,
"Fri, Dec 14, 1990",San Antonio Spurs,116,Cleveland Cavaliers,106,Box Score,OT,
"Fri, Dec 14, 1990",Miami Heat,92,Philadelphia 76ers,95,Box Score,,
"Fri, Dec 14, 1990",Dallas Mavericks,104,Portland Trail Blazers,106,Box Score,,
"Fri, Dec 14, 1990",Houston Rockets,93,Washington Bullets,106,Box Score,,
"Sat, Dec 15, 1990",Washington Bullets,113,Atlanta Hawks,125,Box Score,,
"Sat, Dec 15, 1990",Houston Rockets,100,Charlotte Hornets,97,Box Score,,
"Sat, Dec 15, 1990",Cleveland Cavaliers,98,Chicago Bulls,116,Box Score,,
"Sat, Dec 15, 1990",Phoenix Suns,142,Denver Nuggets,134,Box Score,,
"Sat, Dec 15, 1990",Los Angeles Lakers,111,Golden State Warriors,109,Box Score,,
"Sat, Dec 15, 1990",Boston Celtics,114,Miami Heat,100,Box Score,,
"Sat, Dec 15, 1990",Los Angeles Clippers,92,Milwaukee Bucks,98,Box Score,,
"Sat, Dec 15, 1990",San Antonio Spurs,90,Minnesota Timberwolves,74,Box Score,,
"Sat, Dec 15, 1990",New York Knicks,125,New Jersey Nets,104,Box Score,,
"Sat, Dec 15, 1990",Orlando Magic,108,Sacramento Kings,117,Box Score,,
"Sat, Dec 15, 1990",Dallas Mavericks,105,Seattle SuperSonics,106,Box Score,,
"Sat, Dec 15, 1990",Indiana Pacers,124,Utah Jazz,116,Box Score,,
"Sun, Dec 16, 1990",Indiana Pacers,112,Los Angeles Lakers,115,Box Score,,
"Sun, Dec 16, 1990",Orlando Magic,107,Portland Trail Blazers,126,Box Score,,
"Mon, Dec 17, 1990",Atlanta Hawks,109,Cleveland Cavaliers,98,Box Score,,
"Mon, Dec 17, 1990",Utah Jazz,100,New Jersey Nets,98,Box Score,,
"Tue, Dec 18, 1990",Utah Jazz,105,Charlotte Hornets,100,Box Score,,
"Tue, Dec 18, 1990",Miami Heat,103,Chicago Bulls,112,Box Score,,
"Tue, Dec 18, 1990",Phoenix Suns,114,Dallas Mavericks,95,Box Score,,
"Tue, Dec 18, 1990",San Antonio Spurs,96,Houston Rockets,95,Box Score,,
"Tue, Dec 18, 1990",Detroit Pistons,101,Milwaukee Bucks,106,Box Score,,
"Tue, Dec 18, 1990",Los Angeles Lakers,100,New York Knicks,97,Box Score,,
"Tue, Dec 18, 1990",Los Angeles Clippers,99,Philadelphia 76ers,110,Box Score,,
"Tue, Dec 18, 1990",Golden State Warriors,94,Portland Trail Blazers,122,Box Score,,
"Tue, Dec 18, 1990",Minnesota Timberwolves,99,Sacramento Kings,108,Box Score,,
"Tue, Dec 18, 1990",Orlando Magic,105,Seattle SuperSonics,122,Box Score,,
"Wed, Dec 19, 1990",Philadelphia 76ers,105,Boston Celtics,115,Box Score,,
"Wed, Dec 19, 1990",Los Angeles Lakers,74,Cleveland Cavaliers,84,Box Score,,
"Wed, Dec 19, 1990",Chicago Bulls,84,Detroit Pistons,105,Box Score,,
"Wed, Dec 19, 1990",Washington Bullets,114,Indiana Pacers,112,Box Score,OT,
"Wed, Dec 19, 1990",New York Knicks,104,Miami Heat,94,Box Score,,
"Wed, Dec 19, 1990",Los Angeles Clippers,105,New Jersey Nets,118,Box Score,,
"Wed, Dec 19, 1990",Minnesota Timberwolves,96,Phoenix Suns,112,Box Score,,
"Wed, Dec 19, 1990",Denver Nuggets,109,San Antonio Spurs,144,Box Score,,
"Thu, Dec 20, 1990",Utah Jazz,87,Atlanta Hawks,105,Box Score,,
"Thu, Dec 20, 1990",Boston Celtics,115,Charlotte Hornets,96,Box Score,,
"Thu, Dec 20, 1990",Portland Trail Blazers,118,Golden State Warriors,125,Box Score,,
"Thu, Dec 20, 1990",Orlando Magic,126,Houston Rockets,128,Box Score,OT,
"Thu, Dec 20, 1990",Seattle SuperSonics,110,Sacramento Kings,75,Box Score,,
"Fri, Dec 21, 1990",Los Angeles Lakers,103,Chicago Bulls,114,Box Score,,
"Fri, Dec 21, 1990",Milwaukee Bucks,89,Dallas Mavericks,103,Box Score,,
"Fri, Dec 21, 1990",Atlanta Hawks,87,Detroit Pistons,113,Box Score,,
"Fri, Dec 21, 1990",Charlotte Hornets,114,Indiana Pacers,137,Box Score,,
"Fri, Dec 21, 1990",Portland Trail Blazers,117,Los Angeles Clippers,107,Box Score,,
"Fri, Dec 21, 1990",Philadelphia 76ers,126,Miami Heat,102,Box Score,,
"Fri, Dec 21, 1990",Cleveland Cavaliers,103,New Jersey Nets,111,Box Score,,
"Fri, Dec 21, 1990",San Antonio Spurs,132,Phoenix Suns,128,Box Score,OT,
"Fri, Dec 21, 1990",New York Knicks,85,Washington Bullets,87,Box Score,,
"Sat, Dec 22, 1990",Indiana Pacers,118,Chicago Bulls,128,Box Score,,
"Sat, Dec 22, 1990",Washington Bullets,109,Cleveland Cavaliers,89,Box Score,,
"Sat, Dec 22, 1990",Dallas Mavericks,119,Denver Nuggets,110,Box Score,,
"Sat, Dec 22, 1990",Minnesota Timberwolves,102,Golden State Warriors,115,Box Score,,
"Sat, Dec 22, 1990",Phoenix Suns,102,Houston Rockets,122,Box Score,,
"Sat, Dec 22, 1990",New Jersey Nets,93,New York Knicks,106,Box Score,,
"Sat, Dec 22, 1990",Utah Jazz,104,Orlando Magic,96,Box Score,,
"Sat, Dec 22, 1990",Detroit Pistons,99,Philadelphia 76ers,106,Box Score,,
"Sat, Dec 22, 1990",Milwaukee Bucks,114,San Antonio Spurs,98,Box Score,,
"Sat, Dec 22, 1990",Sacramento Kings,93,Seattle SuperSonics,121,Box Score,,
"Sun, Dec 23, 1990",Atlanta Hawks,104,Boston Celtics,132,Box Score,,
"Sun, Dec 23, 1990",Sacramento Kings,99,Los Angeles Clippers,109,Box Score,,
"Sun, Dec 23, 1990",Minnesota Timberwolves,94,Los Angeles Lakers,118,Box Score,,
"Sun, Dec 23, 1990",Utah Jazz,93,Miami Heat,99,Box Score,,
"Sun, Dec 23, 1990",Denver Nuggets,101,Portland Trail Blazers,132,Box Score,,
"Tue, Dec 25, 1990",Detroit Pistons,86,Chicago Bulls,98,Box Score,,
"Wed, Dec 26, 1990",Indiana Pacers,132,Boston Celtics,152,Box Score,,
"Wed, Dec 26, 1990",Seattle SuperSonics,99,Cleveland Cavaliers,97,Box Score,,
"Wed, Dec 26, 1990",Charlotte Hornets,94,Detroit Pistons,102,Box Score,,
"Wed, Dec 26, 1990",Los Angeles Lakers,108,Los Angeles Clippers,99,Box Score,,
"Wed, Dec 26, 1990",Golden State Warriors,119,Milwaukee Bucks,126,Box Score,,
"Wed, Dec 26, 1990",Atlanta Hawks,113,New Jersey Nets,111,Box Score,,
"Wed, Dec 26, 1990",Portland Trail Blazers,108,New York Knicks,92,Box Score,,
"Wed, Dec 26, 1990",Houston Rockets,103,Orlando Magic,109,Box Score,,
"Wed, Dec 26, 1990",Dallas Mavericks,88,Phoenix Suns,115,Box Score,,
"Wed, Dec 26, 1990",Denver Nuggets,128,Sacramento Kings,112,Box Score,,
"Wed, Dec 26, 1990",Miami Heat,97,San Antonio Spurs,111,Box Score,,
"Wed, Dec 26, 1990",Philadelphia 76ers,106,Washington Bullets,105,Box Score,OT,"at Baltimore, MD"
"Thu, Dec 27, 1990",Portland Trail Blazers,105,Charlotte Hornets,96,Box Score,,
"Thu, Dec 27, 1990",Golden State Warriors,113,Chicago Bulls,128,Box Score,,
"Thu, Dec 27, 1990",Miami Heat,124,Denver Nuggets,114,Box Score,,
"Thu, Dec 27, 1990",Dallas Mavericks,102,Utah Jazz,110,Box Score,,
"Thu, Dec 27, 1990",Seattle SuperSonics,125,Washington Bullets,120,Box Score,,
"Fri, Dec 28, 1990",Boston Celtics,114,Atlanta Hawks,131,Box Score,,
"Fri, Dec 28, 1990",Detroit Pistons,97,Minnesota Timberwolves,85,Box Score,,
"Fri, Dec 28, 1990",Houston Rockets,101,New Jersey Nets,99,Box Score,,
"Fri, Dec 28, 1990",Philadelphia 76ers,96,Phoenix Suns,115,Box Score,,
"Fri, Dec 28, 1990",Sacramento Kings,88,San Antonio Spurs,104,Box Score,,
"Sat, Dec 29, 1990",Golden State Warriors,130,Atlanta Hawks,134,Box Score,,
"Sat, Dec 29, 1990",Orlando Magic,100,Charlotte Hornets,109,Box Score,,
"Sat, Dec 29, 1990",Seattle SuperSonics,91,Chicago Bulls,116,Box Score,,
"Sat, Dec 29, 1990",Portland Trail Blazers,120,Cleveland Cavaliers,114,Box Score,,
"Sat, Dec 29, 1990",Sacramento Kings,79,Dallas Mavericks,90,Box Score,,
"Sat, Dec 29, 1990",Houston Rockets,84,Detroit Pistons,99,Box Score,,
"Sat, Dec 29, 1990",New Jersey Nets,105,Indiana Pacers,114,Box Score,,
"Sat, Dec 29, 1990",Milwaukee Bucks,109,New York Knicks,100,Box Score,,
"Sat, Dec 29, 1990",Miami Heat,95,Phoenix Suns,134,Box Score,,
"Sat, Dec 29, 1990",Los Angeles Clippers,102,Utah Jazz,131,Box Score,,
"Sat, Dec 29, 1990",Denver Nuggets,133,Washington Bullets,161,Box Score,,
"Sun, Dec 30, 1990",Miami Heat,112,Los Angeles Clippers,97,Box Score,,
"Sun, Dec 30, 1990",Philadelphia 76ers,107,Los Angeles Lakers,115,Box Score,,
"Sun, Dec 30, 1990",Portland Trail Blazers,112,Milwaukee Bucks,117,Box Score,,
"Sun, Dec 30, 1990",Seattle SuperSonics,106,Minnesota Timberwolves,126,Box Score,,
"Sun, Dec 30, 1990",Denver Nuggets,116,Orlando Magic,155,Box Score,,
"Wed, Jan 2, 1991",Los Angeles Clippers,107,Atlanta Hawks,120,Box Score,,
"Wed, Jan 2, 1991",New York Knicks,86,Boston Celtics,113,Box Score,,
"Wed, Jan 2, 1991",Milwaukee Bucks,106,Charlotte Hornets,91,Box Score,,
"Wed, Jan 2, 1991",Phoenix Suns,105,Cleveland Cavaliers,83,Box Score,,
"Wed, Jan 2, 1991",Denver Nuggets,107,Detroit Pistons,118,Box Score,,
"Wed, Jan 2, 1991",San Antonio Spurs,109,Indiana Pacers,121,Box Score,,
"Wed, Jan 2, 1991",Dallas Mavericks,95,Minnesota Timberwolves,115,Box Score,,
"Wed, Jan 2, 1991",Philadelphia 76ers,99,Seattle SuperSonics,127,Box Score,,
"Wed, Jan 2, 1991",Miami Heat,104,Utah Jazz,112,Box Score,,
"Thu, Jan 3, 1991",Chicago Bulls,92,Houston Rockets,114,Box Score,,
"Thu, Jan 3, 1991",Dallas Mavericks,87,Milwaukee Bucks,97,Box Score,,
"Thu, Jan 3, 1991",Denver Nuggets,108,New York Knicks,135,Box Score,,
"Thu, Jan 3, 1991",Los Angeles Clippers,108,Orlando Magic,110,Box Score,,
"Thu, Jan 3, 1991",Los Angeles Lakers,108,Portland Trail Blazers,104,Box Score,,
"Thu, Jan 3, 1991",Golden State Warriors,113,Sacramento Kings,131,Box Score,,
"Thu, Jan 3, 1991",Charlotte Hornets,108,Washington Bullets,118,Box Score,,
"Fri, Jan 4, 1991",Indiana Pacers,96,Atlanta Hawks,111,Box Score,,
"Fri, Jan 4, 1991",Phoenix Suns,103,Boston Celtics,132,Box Score,,
"Fri, Jan 4, 1991",Detroit Pistons,98,Cleveland Cavaliers,94,Box Score,,
"Fri, Jan 4, 1991",Los Angeles Lakers,99,Golden State Warriors,115,Box Score,,
"Fri, Jan 4, 1991",Washington Bullets,111,Minnesota Timberwolves,100,Box Score,,
"Fri, Jan 4, 1991",San Antonio Spurs,93,New Jersey Nets,89,Box Score,,
"Fri, Jan 4, 1991",Miami Heat,86,Seattle SuperSonics,112,Box Score,,
"Fri, Jan 4, 1991",Philadelphia 76ers,99,Utah Jazz,102,Box Score,,
"Sat, Jan 5, 1991",Minnesota Timberwolves,112,Atlanta Hawks,117,Box Score,OT,
"Sat, Jan 5, 1991",Los Angeles Clippers,103,Charlotte Hornets,111,Box Score,,
"Sat, Jan 5, 1991",Cleveland Cavaliers,92,Chicago Bulls,108,Box Score,,
"Sat, Jan 5, 1991",Philadelphia 76ers,120,Denver Nuggets,104,Box Score,,
"Sat, Jan 5, 1991",New Jersey Nets,83,Detroit Pistons,99,Box Score,,
"Sat, Jan 5, 1991",Indiana Pacers,99,Houston Rockets,112,Box Score,,
"Sat, Jan 5, 1991",Phoenix Suns,86,Milwaukee Bucks,88,Box Score,,
"Sat, Jan 5, 1991",San Antonio Spurs,107,Orlando Magic,90,Box Score,,
"Sat, Jan 5, 1991",Miami Heat,108,Portland Trail Blazers,132,Box Score,,
"Sat, Jan 5, 1991",Utah Jazz,106,Sacramento Kings,98,Box Score,,
"Sun, Jan 6, 1991",Dallas Mavericks,110,Boston Celtics,127,Box Score,,
"Sun, Jan 6, 1991",Golden State Warriors,108,Los Angeles Lakers,135,Box Score,,
"Sun, Jan 6, 1991",Los Angeles Clippers,90,New York Knicks,99,Box Score,,
"Sun, Jan 6, 1991",Seattle SuperSonics,111,Portland Trail Blazers,114,Box Score,,
"Mon, Jan 7, 1991",Phoenix Suns,119,Minnesota Timberwolves,106,Box Score,,
"Mon, Jan 7, 1991",Dallas Mavericks,88,New Jersey Nets,87,Box Score,OT,
"Mon, Jan 7, 1991",Sacramento Kings,83,Orlando Magic,111,Box Score,,
"Mon, Jan 7, 1991",San Antonio Spurs,111,Philadelphia 76ers,102,Box Score,OT,
"Tue, Jan 8, 1991",San Antonio Spurs,98,Atlanta Hawks,109,Box Score,,
"Tue, Jan 8, 1991",Detroit Pistons,101,Charlotte Hornets,98,Box Score,,
"Tue, Jan 8, 1991",New Jersey Nets,102,Chicago Bulls,111,Box Score,,
"Tue, Jan 8, 1991",Denver Nuggets,125,Golden State Warriors,147,Box Score,,
"Tue, Jan 8, 1991",Portland Trail Blazers,123,Houston Rockets,97,Box Score,,
"Tue, Jan 8, 1991",Los Angeles Clippers,122,Indiana Pacers,107,Box Score,,
"Tue, Jan 8, 1991",Sacramento Kings,83,Miami Heat,95,Box Score,,
"Tue, Jan 8, 1991",Washington Bullets,96,Milwaukee Bucks,99,Box Score,,
"Tue, Jan 8, 1991",Boston Celtics,101,New York Knicks,87,Box Score,,
"Tue, Jan 8, 1991",Los Angeles Lakers,88,Seattle SuperSonics,96,Box Score,,
"Tue, Jan 8, 1991",Cleveland Cavaliers,88,Utah Jazz,110,Box Score,,
"Wed, Jan 9, 1991",Milwaukee Bucks,102,Boston Celtics,110,Box Score,,
"Wed, Jan 9, 1991",Portland Trail Blazers,99,Dallas Mavericks,109,Box Score,,
"Wed, Jan 9, 1991",Utah Jazz,85,Los Angeles Lakers,108,Box Score,,
"Wed, Jan 9, 1991",Minnesota Timberwolves,111,Orlando Magic,103,Box Score,,
"Wed, Jan 9, 1991",Chicago Bulls,107,Philadelphia 76ers,99,Box Score,,
"Wed, Jan 9, 1991",Cleveland Cavaliers,105,Phoenix Suns,113,Box Score,,
"Thu, Jan 10, 1991",Sacramento Kings,59,Charlotte Hornets,101,Box Score,,
"Thu, Jan 10, 1991",Houston Rockets,156,Denver Nuggets,133,Box Score,,
"Thu, Jan 10, 1991",Indiana Pacers,129,New York Knicks,122,Box Score,,
"Thu, Jan 10, 1991",Orlando Magic,111,San Antonio Spurs,117,Box Score,,
"Thu, Jan 10, 1991",Golden State Warriors,113,Seattle SuperSonics,103,Box Score,,
"Thu, Jan 10, 1991",Los Angeles Clippers,110,Washington Bullets,122,Box Score,,
"Fri, Jan 11, 1991",Los Angeles Clippers,107,Boston Celtics,109,Box Score,,
"Fri, Jan 11, 1991",Atlanta Hawks,96,Chicago Bulls,99,Box Score,,
"Fri, Jan 11, 1991",Utah Jazz,110,Dallas Mavericks,99,Box Score,,
"Fri, Jan 11, 1991",Portland Trail Blazers,98,Detroit Pistons,100,Box Score,OT,
"Fri, Jan 11, 1991",Cleveland Cavaliers,93,Los Angeles Lakers,105,Box Score,,
"Fri, Jan 11, 1991",Minnesota Timberwolves,108,Miami Heat,107,Box Score,,
"Fri, Jan 11, 1991",Philadelphia 76ers,120,Milwaukee Bucks,105,Box Score,,
"Fri, Jan 11, 1991",Houston Rockets,110,Phoenix Suns,114,Box Score,,
"Sat, Jan 12, 1991",Chicago Bulls,106,Charlotte Hornets,95,Box Score,,
"Sat, Jan 12, 1991",Orlando Magic,127,Dallas Mavericks,103,Box Score,,
"Sat, Jan 12, 1991",Cleveland Cavaliers,120,Denver Nuggets,128,Box Score,,
"Sat, Jan 12, 1991",Miami Heat,103,Detroit Pistons,109,Box Score,OT,
"Sat, Jan 12, 1991",Phoenix Suns,127,Golden State Warriors,118,Box Score,,
"Sat, Jan 12, 1991",Milwaukee Bucks,110,Indiana Pacers,118,Box Score,,
"Sat, Jan 12, 1991",Atlanta Hawks,92,New York Knicks,99,Box Score,,
"Sat, Jan 12, 1991",New Jersey Nets,99,Philadelphia 76ers,109,Box Score,,
"Sat, Jan 12, 1991",Seattle SuperSonics,85,Sacramento Kings,101,Box Score,,
"Sat, Jan 12, 1991",Utah Jazz,92,San Antonio Spurs,112,Box Score,,
"Sat, Jan 12, 1991",Boston Celtics,99,Washington Bullets,116,Box Score,,
"Sun, Jan 13, 1991",Houston Rockets,97,Los Angeles Lakers,116,Box Score,,
"Sun, Jan 13, 1991",Portland Trail Blazers,116,New Jersey Nets,103,Box Score,,
"Mon, Jan 14, 1991",New York Knicks,82,Atlanta Hawks,96,Box Score,,
"Mon, Jan 14, 1991",Milwaukee Bucks,97,Chicago Bulls,110,Box Score,,
"Mon, Jan 14, 1991",Detroit Pistons,89,Dallas Mavericks,81,Box Score,,
"Mon, Jan 14, 1991",Houston Rockets,126,Los Angeles Clippers,130,Box Score,OT,
"Tue, Jan 15, 1991",Atlanta Hawks,117,Indiana Pacers,106,Box Score,,
"Tue, Jan 15, 1991",Charlotte Hornets,103,Los Angeles Lakers,128,Box Score,,
"Tue, Jan 15, 1991",Orlando Magic,102,Miami Heat,104,Box Score,,
"Tue, Jan 15, 1991",Portland Trail Blazers,132,Minnesota Timberwolves,117,Box Score,,
"Tue, Jan 15, 1991",Golden State Warriors,112,New Jersey Nets,111,Box Score,OT,
"Tue, Jan 15, 1991",Washington Bullets,97,Phoenix Suns,127,Box Score,,
"Tue, Jan 15, 1991",Denver Nuggets,99,Seattle SuperSonics,146,Box Score,,
"Tue, Jan 15, 1991",San Antonio Spurs,102,Utah Jazz,124,Box Score,,
"Wed, Jan 16, 1991",Golden State Warriors,110,Boston Celtics,105,Box Score,,
"Wed, Jan 16, 1991",Miami Heat,94,Cleveland Cavaliers,108,Box Score,,
"Wed, Jan 16, 1991",Charlotte Hornets,104,Denver Nuggets,111,Box Score,,
"Wed, Jan 16, 1991",Washington Bullets,101,Los Angeles Clippers,99,Box Score,,
"Wed, Jan 16, 1991",Indiana Pacers,119,Milwaukee Bucks,126,Box Score,,
"Wed, Jan 16, 1991",Minnesota Timberwolves,93,New York Knicks,89,Box Score,,
"Wed, Jan 16, 1991",Chicago Bulls,99,Orlando Magic,88,Box Score,,
"Wed, Jan 16, 1991",Dallas Mavericks,94,San Antonio Spurs,100,Box Score,,
"Thu, Jan 17, 1991",Detroit Pistons,97,Houston Rockets,91,Box Score,OT,
"Thu, Jan 17, 1991",Los Angeles Lakers,93,Sacramento Kings,78,Box Score,,
"Fri, Jan 18, 1991",Chicago Bulls,105,Atlanta Hawks,114,Box Score,,
"Fri, Jan 18, 1991",New Jersey Nets,111,Boston Celtics,106,Box Score,,
"Fri, Jan 18, 1991",Utah Jazz,106,Cleveland Cavaliers,99,Box Score,OT,
"Fri, Jan 18, 1991",Los Angeles Clippers,119,Dallas Mavericks,112,Box Score,OT,
"Fri, Jan 18, 1991",Seattle SuperSonics,96,Los Angeles Lakers,105,Box Score,,
"Fri, Jan 18, 1991",New York Knicks,86,Miami Heat,107,Box Score,,
"Fri, Jan 18, 1991",Orlando Magic,106,Milwaukee Bucks,125,Box Score,,
"Fri, Jan 18, 1991",Golden State Warriors,141,Philadelphia 76ers,138,Box Score,OT,
"Fri, Jan 18, 1991",Detroit Pistons,102,Phoenix Suns,103,Box Score,,
"Fri, Jan 18, 1991",Washington Bullets,99,Portland Trail Blazers,123,Box Score,,
"Fri, Jan 18, 1991",Charlotte Hornets,117,San Antonio Spurs,110,Box Score,,
"Sat, Jan 19, 1991",New Jersey Nets,84,Atlanta Hawks,114,Box Score,,
"Sat, Jan 19, 1991",Charlotte Hornets,95,Dallas Mavericks,110,Box Score,,
"Sat, Jan 19, 1991",San Antonio Spurs,117,Denver Nuggets,108,Box Score,,
"Sat, Jan 19, 1991",Los Angeles Clippers,96,Houston Rockets,107,Box Score,,
"Sat, Jan 19, 1991",Utah Jazz,104,Indiana Pacers,117,Box Score,,
"Sat, Jan 19, 1991",Golden State Warriors,113,Minnesota Timberwolves,121,Box Score,,
"Sat, Jan 19, 1991",New York Knicks,112,Philadelphia 76ers,97,Box Score,,
"Sat, Jan 19, 1991",Phoenix Suns,97,Sacramento Kings,101,Box Score,,
"Sat, Jan 19, 1991",Washington Bullets,89,Seattle SuperSonics,111,Box Score,,
"Sun, Jan 20, 1991",Milwaukee Bucks,112,Portland Trail Blazers,116,Box Score,,
"Mon, Jan 21, 1991",Minnesota Timberwolves,110,Denver Nuggets,115,Box Score,,
"Mon, Jan 21, 1991",Boston Celtics,90,Detroit Pistons,101,Box Score,,
"Mon, Jan 21, 1991",Los Angeles Lakers,120,Indiana Pacers,114,Box Score,,
"Mon, Jan 21, 1991",Chicago Bulls,117,Miami Heat,106,Box Score,,
"Mon, Jan 21, 1991",Philadelphia 76ers,116,New York Knicks,117,Box Score,OT,
"Mon, Jan 21, 1991",Houston Rockets,94,Sacramento Kings,97,Box Score,,
"Mon, Jan 21, 1991",Orlando Magic,119,Washington Bullets,121,Box Score,,
"Tue, Jan 22, 1991",Miami Heat,107,Atlanta Hawks,118,Box Score,,
"Tue, Jan 22, 1991",New Jersey Nets,92,Charlotte Hornets,90,Box Score,,
"Tue, Jan 22, 1991",Houston Rockets,116,Golden State Warriors,123,Box Score,,
"Tue, Jan 22, 1991",Los Angeles Lakers,116,Orlando Magic,96,Box Score,,
"Tue, Jan 22, 1991",Phoenix Suns,116,Portland Trail Blazers,123,Box Score,,
"Tue, Jan 22, 1991",Los Angeles Clippers,100,San Antonio Spurs,106,Box Score,,
"Tue, Jan 22, 1991",Milwaukee Bucks,101,Seattle SuperSonics,132,Box Score,,
"Wed, Jan 23, 1991",Detroit Pistons,94,Boston Celtics,111,Box Score,,
"Wed, Jan 23, 1991",Cleveland Cavaliers,99,Dallas Mavericks,85,Box Score,,
"Wed, Jan 23, 1991",Chicago Bulls,95,New Jersey Nets,99,Box Score,,
"Wed, Jan 23, 1991",Indiana Pacers,110,Philadelphia 76ers,109,Box Score,,
"Wed, Jan 23, 1991",Milwaukee Bucks,91,Sacramento Kings,95,Box Score,,
"Wed, Jan 23, 1991",New York Knicks,109,Utah Jazz,94,Box Score,,
"Wed, Jan 23, 1991",Atlanta Hawks,99,Washington Bullets,104,Box Score,,
"Thu, Jan 24, 1991",Los Angeles Lakers,113,Charlotte Hornets,93,Box Score,,
"Thu, Jan 24, 1991",New York Knicks,117,Denver Nuggets,120,Box Score,,
"Thu, Jan 24, 1991",Minnesota Timberwolves,94,Houston Rockets,118,Box Score,,
"Thu, Jan 24, 1991",Cleveland Cavaliers,103,San Antonio Spurs,111,Box Score,,
"Fri, Jan 25, 1991",Miami Heat,87,Chicago Bulls,108,Box Score,,
"Fri, Jan 25, 1991",Dallas Mavericks,82,Detroit Pistons,84,Box Score,,
"Fri, Jan 25, 1991",Milwaukee Bucks,98,Golden State Warriors,127,Box Score,,
"Fri, Jan 25, 1991",Los Angeles Lakers,108,New Jersey Nets,103,Box Score,OT,
"Fri, Jan 25, 1991",Boston Celtics,94,Philadelphia 76ers,116,Box Score,,
"Fri, Jan 25, 1991",Seattle SuperSonics,113,Phoenix Suns,128,Box Score,,
"Fri, Jan 25, 1991",Sacramento Kings,93,Utah Jazz,105,Box Score,,
"Fri, Jan 25, 1991",Indiana Pacers,106,Washington Bullets,100,Box Score,,"at Baltimore, MD"
"Sat, Jan 26, 1991",Philadelphia 76ers,75,Charlotte Hornets,79,Box Score,,
"Sat, Jan 26, 1991",Utah Jazz,115,Denver Nuggets,120,Box Score,,
"Sat, Jan 26, 1991",Cleveland Cavaliers,97,Houston Rockets,103,Box Score,,
"Sat, Jan 26, 1991",Milwaukee Bucks,98,Los Angeles Clippers,99,Box Score,,
"Sat, Jan 26, 1991",New Jersey Nets,127,Miami Heat,105,Box Score,,
"Sat, Jan 26, 1991",Detroit Pistons,121,Orlando Magic,81,Box Score,,
"Sat, Jan 26, 1991",New York Knicks,94,Phoenix Suns,112,Box Score,,
"Sat, Jan 26, 1991",Sacramento Kings,96,Portland Trail Blazers,121,Box Score,,
"Sat, Jan 26, 1991",Minnesota Timberwolves,105,San Antonio Spurs,112,Box Score,,
"Sat, Jan 26, 1991",Atlanta Hawks,102,Seattle SuperSonics,103,Box Score,,
"Sat, Jan 26, 1991",Dallas Mavericks,99,Washington Bullets,96,Box Score,,
"Sun, Jan 27, 1991",Los Angeles Lakers,104,Boston Celtics,87,Box Score,,
"Mon, Jan 28, 1991",Washington Bullets,81,Detroit Pistons,87,Box Score,,
"Mon, Jan 28, 1991",New York Knicks,106,Golden State Warriors,115,Box Score,,
"Mon, Jan 28, 1991",Boston Celtics,108,Minnesota Timberwolves,87,Box Score,,
"Mon, Jan 28, 1991",Atlanta Hawks,111,Portland Trail Blazers,116,Box Score,,
"Mon, Jan 28, 1991",New Jersey Nets,83,Sacramento Kings,101,Box Score,,
"Mon, Jan 28, 1991",Seattle SuperSonics,107,San Antonio Spurs,119,Box Score,,
"Tue, Jan 29, 1991",Charlotte Hornets,106,Cleveland Cavaliers,125,Box Score,,
"Tue, Jan 29, 1991",Seattle SuperSonics,112,Dallas Mavericks,117,Box Score,,
"Tue, Jan 29, 1991",San Antonio Spurs,89,Houston Rockets,91,Box Score,,
"Tue, Jan 29, 1991",New York Knicks,108,Los Angeles Clippers,107,Box Score,OT,
"Tue, Jan 29, 1991",New Jersey Nets,89,Los Angeles Lakers,110,Box Score,,
"Tue, Jan 29, 1991",Denver Nuggets,126,Milwaukee Bucks,122,Box Score,,
"Tue, Jan 29, 1991",Phoenix Suns,112,Orlando Magic,114,Box Score,,
"Tue, Jan 29, 1991",Atlanta Hawks,105,Utah Jazz,116,Box Score,,
"Tue, Jan 29, 1991",Miami Heat,101,Washington Bullets,105,Box Score,,
"Wed, Jan 30, 1991",Orlando Magic,102,Boston Celtics,144,Box Score,,
"Wed, Jan 30, 1991",Cleveland Cavaliers,84,Detroit Pistons,93,Box Score,,
"Wed, Jan 30, 1991",Charlotte Hornets,105,Indiana Pacers,123,Box Score,,
"Wed, Jan 30, 1991",Phoenix Suns,115,Miami Heat,104,Box Score,,
"Wed, Jan 30, 1991",Sacramento Kings,86,Minnesota Timberwolves,95,Box Score,,
"Thu, Jan 31, 1991",New Jersey Nets,119,Denver Nuggets,123,Box Score,,
"Thu, Jan 31, 1991",Los Angeles Clippers,119,Golden State Warriors,135,Box Score,,
"Thu, Jan 31, 1991",Seattle SuperSonics,97,Houston Rockets,94,Box Score,,
"Thu, Jan 31, 1991",Atlanta Hawks,103,Los Angeles Lakers,116,Box Score,,
"Thu, Jan 31, 1991",Washington Bullets,107,New York Knicks,98,Box Score,,
"Thu, Jan 31, 1991",Chicago Bulls,102,San Antonio Spurs,106,Box Score,,
"Thu, Jan 31, 1991",Portland Trail Blazers,91,Utah Jazz,105,Box Score,,
"Fri, Feb 1, 1991",Boston Celtics,91,Charlotte Hornets,92,Box Score,,
"Fri, Feb 1, 1991",Chicago Bulls,101,Dallas Mavericks,90,Box Score,,
"Fri, Feb 1, 1991",Los Angeles Lakers,106,Los Angeles Clippers,92,Box Score,,
"Fri, Feb 1, 1991",Indiana Pacers,113,Miami Heat,116,Box Score,,
"Fri, Feb 1, 1991",Sacramento Kings,112,Milwaukee Bucks,117,Box Score,,
"Fri, Feb 1, 1991",Phoenix Suns,89,Philadelphia 76ers,96,Box Score,,
"Fri, Feb 1, 1991",Golden State Warriors,99,Portland Trail Blazers,119,Box Score,,
"Fri, Feb 1, 1991",Detroit Pistons,80,Washington Bullets,75,Box Score,,
"Sat, Feb 2, 1991",Minnesota Timberwolves,110,Cleveland Cavaliers,113,Box Score,OT,
"Sat, Feb 2, 1991",Atlanta Hawks,125,Denver Nuggets,126,Box Score,,
"Sat, Feb 2, 1991",Seattle SuperSonics,100,Indiana Pacers,106,Box Score,,
"Sat, Feb 2, 1991",Sacramento Kings,78,New York Knicks,92,Box Score,,
"Sat, Feb 2, 1991",Miami Heat,98,Orlando Magic,108,Box Score,,
"Sat, Feb 2, 1991",Houston Rockets,100,San Antonio Spurs,94,Box Score,OT,
"Sat, Feb 2, 1991",New Jersey Nets,103,Utah Jazz,111,Box Score,,
"Sun, Feb 3, 1991",Washington Bullets,101,Boston Celtics,119,Box Score,,
"Sun, Feb 3, 1991",Phoenix Suns,112,Detroit Pistons,97,Box Score,,
"Sun, Feb 3, 1991",Golden State Warriors,135,Houston Rockets,143,Box Score,2OT,
"Sun, Feb 3, 1991",Chicago Bulls,86,Los Angeles Lakers,99,Box Score,,
"Sun, Feb 3, 1991",Charlotte Hornets,111,Milwaukee Bucks,120,Box Score,,
"Sun, Feb 3, 1991",Philadelphia 76ers,102,Minnesota Timberwolves,110,Box Score,2OT,
"Mon, Feb 4, 1991",Seattle SuperSonics,100,Charlotte Hornets,93,Box Score,,
"Mon, Feb 4, 1991",Milwaukee Bucks,103,Cleveland Cavaliers,96,Box Score,,
"Mon, Feb 4, 1991",New Jersey Nets,102,Portland Trail Blazers,117,Box Score,,
"Mon, Feb 4, 1991",Chicago Bulls,108,Sacramento Kings,97,Box Score,,
"Tue, Feb 5, 1991",Cleveland Cavaliers,114,Atlanta Hawks,118,Box Score,,
"Tue, Feb 5, 1991",Indiana Pacers,109,Dallas Mavericks,114,Box Score,,
"Tue, Feb 5, 1991",Philadelphia 76ers,98,Detroit Pistons,107,Box Score,,
"Tue, Feb 5, 1991",Los Angeles Clippers,102,Los Angeles Lakers,116,Box Score,,
"Tue, Feb 5, 1991",Utah Jazz,93,Minnesota Timberwolves,94,Box Score,,
"Tue, Feb 5, 1991",New York Knicks,116,Orlando Magic,118,Box Score,,
"Tue, Feb 5, 1991",Denver Nuggets,103,Phoenix Suns,126,Box Score,,
"Tue, Feb 5, 1991",Golden State Warriors,112,San Antonio Spurs,106,Box Score,,
"Wed, Feb 6, 1991",Charlotte Hornets,117,Boston Celtics,133,Box Score,,
"Wed, Feb 6, 1991",Houston Rockets,111,Milwaukee Bucks,109,Box Score,,
"Wed, Feb 6, 1991",Miami Heat,134,New Jersey Nets,119,Box Score,,
"Wed, Feb 6, 1991",Washington Bullets,100,Philadelphia 76ers,108,Box Score,,
"Wed, Feb 6, 1991",Portland Trail Blazers,93,Sacramento Kings,97,Box Score,,
"Wed, Feb 6, 1991",Los Angeles Clippers,104,Seattle SuperSonics,107,Box Score,,
"Wed, Feb 6, 1991",Phoenix Suns,99,Utah Jazz,103,Box Score,,
"Thu, Feb 7, 1991",Charlotte Hornets,114,Atlanta Hawks,127,Box Score,,
"Thu, Feb 7, 1991",Houston Rockets,96,Cleveland Cavaliers,92,Box Score,,
"Thu, Feb 7, 1991",Golden State Warriors,101,Dallas Mavericks,102,Box Score,,
"Thu, Feb 7, 1991",Chicago Bulls,95,Detroit Pistons,93,Box Score,,
"Thu, Feb 7, 1991",Boston Celtics,117,New York Knicks,101,Box Score,,
"Thu, Feb 7, 1991",Minnesota Timberwolves,103,Orlando Magic,108,Box Score,,
"Thu, Feb 7, 1991",Indiana Pacers,108,San Antonio Spurs,118,Box Score,,
"Thu, Feb 7, 1991",New Jersey Nets,117,Washington Bullets,124,Box Score,,
"Tue, Feb 12, 1991",Dallas Mavericks,92,Charlotte Hornets,100,Box Score,,
"Tue, Feb 12, 1991",Atlanta Hawks,113,Chicago Bulls,122,Box Score,,
"Tue, Feb 12, 1991",Minnesota Timberwolves,105,Golden State Warriors,126,Box Score,,
"Tue, Feb 12, 1991",New York Knicks,114,Indiana Pacers,110,Box Score,,
"Tue, Feb 12, 1991",Cleveland Cavaliers,94,Miami Heat,78,Box Score,,
"Tue, Feb 12, 1991",Denver Nuggets,122,Orlando Magic,129,Box Score,,
"Tue, Feb 12, 1991",Los Angeles Lakers,95,Phoenix Suns,99,Box Score,,
"Tue, Feb 12, 1991",Philadelphia 76ers,106,Portland Trail Blazers,121,Box Score,,
"Tue, Feb 12, 1991",Los Angeles Clippers,101,Sacramento Kings,103,Box Score,,
"Tue, Feb 12, 1991",Washington Bullets,92,San Antonio Spurs,102,Box Score,,
"Tue, Feb 12, 1991",Boston Celtics,114,Seattle SuperSonics,111,Box Score,,
"Tue, Feb 12, 1991",Houston Rockets,92,Utah Jazz,113,Box Score,,
"Wed, Feb 13, 1991",Dallas Mavericks,93,Cleveland Cavaliers,95,Box Score,,
"Wed, Feb 13, 1991",Indiana Pacers,105,Detroit Pistons,101,Box Score,,
"Wed, Feb 13, 1991",Minnesota Timberwolves,106,Los Angeles Lakers,120,Box Score,,
"Wed, Feb 13, 1991",Atlanta Hawks,106,New Jersey Nets,140,Box Score,,
"Thu, Feb 14, 1991",Boston Celtics,128,Golden State Warriors,112,Box Score,,
"Thu, Feb 14, 1991",Washington Bullets,117,Houston Rockets,129,Box Score,,
"Thu, Feb 14, 1991",Denver Nuggets,112,Miami Heat,141,Box Score,,
"Thu, Feb 14, 1991",Detroit Pistons,102,Milwaukee Bucks,94,Box Score,,
"Thu, Feb 14, 1991",Chicago Bulls,102,New York Knicks,92,Box Score,,
"Thu, Feb 14, 1991",Seattle SuperSonics,102,Orlando Magic,90,Box Score,,
"Thu, Feb 14, 1991",Philadelphia 76ers,81,Sacramento Kings,98,Box Score,,
"Thu, Feb 14, 1991",Phoenix Suns,106,San Antonio Spurs,97,Box Score,,
"Fri, Feb 15, 1991",Milwaukee Bucks,106,Charlotte Hornets,103,Box Score,OT,
"Fri, Feb 15, 1991",New York Knicks,85,Cleveland Cavaliers,90,Box Score,,
"Fri, Feb 15, 1991",Washington Bullets,96,Dallas Mavericks,121,Box Score,,
"Fri, Feb 15, 1991",Minnesota Timberwolves,107,Los Angeles Clippers,124,Box Score,,
"Fri, Feb 15, 1991",Boston Celtics,98,Los Angeles Lakers,85,Box Score,,
"Fri, Feb 15, 1991",Denver Nuggets,110,New Jersey Nets,138,Box Score,,
"Fri, Feb 15, 1991",Utah Jazz,105,Portland Trail Blazers,117,Box Score,,
"Sat, Feb 16, 1991",Seattle SuperSonics,113,Atlanta Hawks,122,Box Score,,
"Sat, Feb 16, 1991",New Jersey Nets,87,Chicago Bulls,99,Box Score,,
"Sat, Feb 16, 1991",San Antonio Spurs,94,Dallas Mavericks,96,Box Score,,
"Sat, Feb 16, 1991",Philadelphia 76ers,124,Golden State Warriors,133,Box Score,,
"Sat, Feb 16, 1991",Phoenix Suns,91,Houston Rockets,100,Box Score,,
"Sat, Feb 16, 1991",Charlotte Hornets,82,Miami Heat,94,Box Score,,
"Sat, Feb 16, 1991",Minnesota Timberwolves,107,Utah Jazz,115,Box Score,,
"Sun, Feb 17, 1991",Boston Celtics,126,Denver Nuggets,108,Box Score,,
"Sun, Feb 17, 1991",Sacramento Kings,110,Indiana Pacers,113,Box Score,,
"Sun, Feb 17, 1991",Philadelphia 76ers,114,Los Angeles Clippers,104,Box Score,,
"Sun, Feb 17, 1991",Portland Trail Blazers,96,Los Angeles Lakers,106,Box Score,,
"Sun, Feb 17, 1991",Detroit Pistons,88,New York Knicks,116,Box Score,,
"Sun, Feb 17, 1991",Milwaukee Bucks,111,Orlando Magic,103,Box Score,OT,
"Sun, Feb 17, 1991",Cleveland Cavaliers,104,Washington Bullets,108,Box Score,,"at Baltimore, MD"
"Mon, Feb 18, 1991",Chicago Bulls,110,Cleveland Cavaliers,95,Box Score,,
"Mon, Feb 18, 1991",Seattle SuperSonics,83,Detroit Pistons,85,Box Score,,
"Mon, Feb 18, 1991",Dallas Mavericks,107,Golden State Warriors,101,Box Score,,
"Mon, Feb 18, 1991",Denver Nuggets,114,Minnesota Timberwolves,128,Box Score,,
"Mon, Feb 18, 1991",San Antonio Spurs,81,Utah Jazz,104,Box Score,,
"Tue, Feb 19, 1991",Indiana Pacers,115,Charlotte Hornets,102,Box Score,,
"Tue, Feb 19, 1991",Washington Bullets,113,Chicago Bulls,118,Box Score,,
"Tue, Feb 19, 1991",Los Angeles Lakers,112,Houston Rockets,103,Box Score,,
"Tue, Feb 19, 1991",Miami Heat,90,Milwaukee Bucks,116,Box Score,,
"Tue, Feb 19, 1991",Sacramento Kings,83,New Jersey Nets,97,Box Score,,
"Tue, Feb 19, 1991",Atlanta Hawks,110,New York Knicks,102,Box Score,,
"Tue, Feb 19, 1991",Seattle SuperSonics,104,Philadelphia 76ers,107,Box Score,OT,
"Tue, Feb 19, 1991",Boston Celtics,105,Phoenix Suns,109,Box Score,,
"Tue, Feb 19, 1991",Dallas Mavericks,100,Portland Trail Blazers,107,Box Score,,
"Wed, Feb 20, 1991",Sacramento Kings,104,Cleveland Cavaliers,118,Box Score,,
"Wed, Feb 20, 1991",Atlanta Hawks,89,Detroit Pistons,97,Box Score,,
"Wed, Feb 20, 1991",Orlando Magic,120,Indiana Pacers,122,Box Score,OT,
"Wed, Feb 20, 1991",Phoenix Suns,113,Los Angeles Clippers,93,Box Score,,
"Wed, Feb 20, 1991",Golden State Warriors,108,Minnesota Timberwolves,105,Box Score,,
"Thu, Feb 21, 1991",Los Angeles Lakers,106,Dallas Mavericks,92,Box Score,,
"Thu, Feb 21, 1991",Portland Trail Blazers,122,Denver Nuggets,111,Box Score,,
"Thu, Feb 21, 1991",Milwaukee Bucks,90,Houston Rockets,92,Box Score,,
"Thu, Feb 21, 1991",Seattle SuperSonics,120,New York Knicks,101,Box Score,,
"Thu, Feb 21, 1991",Miami Heat,104,Washington Bullets,90,Box Score,,
"Fri, Feb 22, 1991",Los Angeles Lakers,102,Atlanta Hawks,111,Box Score,,
"Fri, Feb 22, 1991",New Jersey Nets,99,Boston Celtics,111,Box Score,,"at Hartford, CT"
"Fri, Feb 22, 1991",Detroit Pistons,114,Charlotte Hornets,122,Box Score,,
"Fri, Feb 22, 1991",Sacramento Kings,82,Chicago Bulls,129,Box Score,,
"Fri, Feb 22, 1991",Indiana Pacers,106,Cleveland Cavaliers,98,Box Score,,
"Fri, Feb 22, 1991",Utah Jazz,109,Golden State Warriors,104,Box Score,,
"Fri, Feb 22, 1991",San Antonio Spurs,101,Los Angeles Clippers,107,Box Score,,
"Fri, Feb 22, 1991",Philadelphia 76ers,103,Miami Heat,96,Box Score,,
"Fri, Feb 22, 1991",Orlando Magic,103,Minnesota Timberwolves,101,Box Score,,
"Fri, Feb 22, 1991",Phoenix Suns,106,Portland Trail Blazers,127,Box Score,,
"Sat, Feb 23, 1991",Dallas Mavericks,107,Atlanta Hawks,122,Box Score,,
"Sat, Feb 23, 1991",Charlotte Hornets,108,Chicago Bulls,129,Box Score,,
"Sat, Feb 23, 1991",Golden State Warriors,145,Denver Nuggets,150,Box Score,,
"Sat, Feb 23, 1991",Cleveland Cavaliers,103,Milwaukee Bucks,118,Box Score,,
"Sat, Feb 23, 1991",Philadelphia 76ers,103,New Jersey Nets,90,Box Score,,
"Sat, Feb 23, 1991",Phoenix Suns,120,Seattle SuperSonics,110,Box Score,,
"Sat, Feb 23, 1991",New York Knicks,104,Washington Bullets,101,Box Score,,
"Sun, Feb 24, 1991",Los Angeles Lakers,102,Detroit Pistons,96,Box Score,OT,
"Sun, Feb 24, 1991",Boston Celtics,109,Indiana Pacers,115,Box Score,,
"Sun, Feb 24, 1991",Denver Nuggets,112,Los Angeles Clippers,129,Box Score,,
"Sun, Feb 24, 1991",New York Knicks,108,Miami Heat,92,Box Score,,
"Sun, Feb 24, 1991",Houston Rockets,100,Minnesota Timberwolves,91,Box Score,,
"Sun, Feb 24, 1991",Sacramento Kings,90,Orlando Magic,120,Box Score,,
"Sun, Feb 24, 1991",San Antonio Spurs,95,Portland Trail Blazers,88,Box Score,,
"Sun, Feb 24, 1991",Utah Jazz,91,Seattle SuperSonics,103,Box Score,,
"Mon, Feb 25, 1991",Sacramento Kings,88,Atlanta Hawks,96,Box Score,,
"Mon, Feb 25, 1991",Los Angeles Lakers,90,Philadelphia 76ers,92,Box Score,,
"Mon, Feb 25, 1991",Charlotte Hornets,108,Phoenix Suns,128,Box Score,,
"Tue, Feb 26, 1991",Boston Celtics,99,Chicago Bulls,129,Box Score,,
"Tue, Feb 26, 1991",Detroit Pistons,103,Cleveland Cavaliers,106,Box Score,,
"Tue, Feb 26, 1991",Houston Rockets,129,Denver Nuggets,99,Box Score,,
"Tue, Feb 26, 1991",Orlando Magic,131,Golden State Warriors,119,Box Score,,
"Tue, Feb 26, 1991",Milwaukee Bucks,119,Miami Heat,106,Box Score,,
"Tue, Feb 26, 1991",Dallas Mavericks,94,Minnesota Timberwolves,100,Box Score,,
"Tue, Feb 26, 1991",Indiana Pacers,104,New Jersey Nets,129,Box Score,,
"Tue, Feb 26, 1991",Washington Bullets,109,New York Knicks,112,Box Score,2OT,
"Tue, Feb 26, 1991",Portland Trail Blazers,101,San Antonio Spurs,102,Box Score,OT,
"Tue, Feb 26, 1991",Los Angeles Clippers,81,Seattle SuperSonics,93,Box Score,,
"Wed, Feb 27, 1991",Minnesota Timberwolves,111,Boston Celtics,116,Box Score,,
"Wed, Feb 27, 1991",Dallas Mavericks,108,Indiana Pacers,104,Box Score,,
"Wed, Feb 27, 1991",Atlanta Hawks,103,Philadelphia 76ers,107,Box Score,,
"Wed, Feb 27, 1991",Orlando Magic,124,Phoenix Suns,116,Box Score,,
"Wed, Feb 27, 1991",Charlotte Hornets,96,Sacramento Kings,90,Box Score,,
"Wed, Feb 27, 1991",Golden State Warriors,103,Utah Jazz,118,Box Score,,
"Thu, Feb 28, 1991",Portland Trail Blazers,109,Atlanta Hawks,117,Box Score,,
"Thu, Feb 28, 1991",Los Angeles Lakers,121,Denver Nuggets,108,Box Score,,
"Thu, Feb 28, 1991",Houston Rockets,80,Los Angeles Clippers,83,Box Score,,
"Thu, Feb 28, 1991",Detroit Pistons,98,Miami Heat,100,Box Score,,
"Thu, Feb 28, 1991",Milwaukee Bucks,93,New Jersey Nets,98,Box Score,,
"Thu, Feb 28, 1991",San Antonio Spurs,93,New York Knicks,100,Box Score,,
"Fri, Mar 1, 1991",San Antonio Spurs,98,Boston Celtics,108,Box Score,,
"Fri, Mar 1, 1991",Dallas Mavericks,86,Chicago Bulls,109,Box Score,,
"Fri, Mar 1, 1991",Utah Jazz,94,Detroit Pistons,92,Box Score,,
"Fri, Mar 1, 1991",Cleveland Cavaliers,115,Indiana Pacers,118,Box Score,,
"Fri, Mar 1, 1991",Orlando Magic,101,Los Angeles Lakers,115,Box Score,,
"Fri, Mar 1, 1991",Washington Bullets,105,Milwaukee Bucks,106,Box Score,,
"Fri, Mar 1, 1991",Portland Trail Blazers,111,Philadelphia 76ers,121,Box Score,,
"Fri, Mar 1, 1991",Sacramento Kings,106,Phoenix Suns,112,Box Score,,
"Fri, Mar 1, 1991",Charlotte Hornets,105,Seattle SuperSonics,122,Box Score,,
"Sat, Mar 2, 1991",Miami Heat,109,Dallas Mavericks,103,Box Score,,
"Sat, Mar 2, 1991",Orlando Magic,111,Denver Nuggets,126,Box Score,,
"Sat, Mar 2, 1991",Charlotte Hornets,108,Golden State Warriors,121,Box Score,,
"Sat, Mar 2, 1991",Chicago Bulls,114,Indiana Pacers,135,Box Score,,
"Sat, Mar 2, 1991",Los Angeles Clippers,104,Minnesota Timberwolves,102,Box Score,,
"Sat, Mar 2, 1991",New York Knicks,115,New Jersey Nets,105,Box Score,,
"Sat, Mar 2, 1991",Sacramento Kings,106,Seattle SuperSonics,120,Box Score,,
"Sun, Mar 3, 1991",Portland Trail Blazers,116,Boston Celtics,107,Box Score,,
"Sun, Mar 3, 1991",Los Angeles Clippers,98,Detroit Pistons,107,Box Score,,
"Sun, Mar 3, 1991",Houston Rockets,104,Los Angeles Lakers,95,Box Score,,
"Sun, Mar 3, 1991",Atlanta Hawks,115,Milwaukee Bucks,106,Box Score,,
"Sun, Mar 3, 1991",Utah Jazz,95,Philadelphia 76ers,92,Box Score,,
"Sun, Mar 3, 1991",San Antonio Spurs,107,Washington Bullets,85,Box Score,,
"Mon, Mar 4, 1991",Indiana Pacers,101,Boston Celtics,126,Box Score,,"at Hartford, CT"
"Mon, Mar 4, 1991",Phoenix Suns,126,Charlotte Hornets,93,Box Score,,
"Mon, Mar 4, 1991",New Jersey Nets,100,Dallas Mavericks,102,Box Score,,
"Mon, Mar 4, 1991",Seattle SuperSonics,105,Golden State Warriors,99,Box Score,,
"Mon, Mar 4, 1991",Utah Jazz,106,Orlando Magic,88,Box Score,,
"Tue, Mar 5, 1991",Denver Nuggets,127,Atlanta Hawks,139,Box Score,,
"Tue, Mar 5, 1991",Milwaukee Bucks,86,Chicago Bulls,104,Box Score,,
"Tue, Mar 5, 1991",New Jersey Nets,100,Houston Rockets,112,Box Score,,
"Tue, Mar 5, 1991",Charlotte Hornets,101,Indiana Pacers,112,Box Score,,
"Tue, Mar 5, 1991",Los Angeles Clippers,113,Miami Heat,116,Box Score,,
"Tue, Mar 5, 1991",Los Angeles Lakers,85,Minnesota Timberwolves,94,Box Score,,
"Tue, Mar 5, 1991",Phoenix Suns,107,New York Knicks,102,Box Score,,
"Tue, Mar 5, 1991",Golden State Warriors,92,Sacramento Kings,100,Box Score,,
"Tue, Mar 5, 1991",Philadelphia 76ers,99,San Antonio Spurs,104,Box Score,,
"Tue, Mar 5, 1991",Cleveland Cavaliers,113,Seattle SuperSonics,111,Box Score,OT,
"Wed, Mar 6, 1991",Miami Heat,117,Boston Celtics,126,Box Score,,
"Wed, Mar 6, 1991",Philadelphia 76ers,97,Dallas Mavericks,92,Box Score,,
"Wed, Mar 6, 1991",New York Knicks,102,Detroit Pistons,99,Box Score,,
"Wed, Mar 6, 1991",Los Angeles Clippers,86,Orlando Magic,89,Box Score,,
"Wed, Mar 6, 1991",Utah Jazz,104,Washington Bullets,93,Box Score,,
"Thu, Mar 7, 1991",Phoenix Suns,106,Atlanta Hawks,104,Box Score,,
"Thu, Mar 7, 1991",Cleveland Cavaliers,92,Golden State Warriors,122,Box Score,,
"Thu, Mar 7, 1991",Dallas Mavericks,90,Houston Rockets,122,Box Score,,
"Thu, Mar 7, 1991",Denver Nuggets,125,Indiana Pacers,145,Box Score,,
"Thu, Mar 7, 1991",Los Angeles Lakers,94,Milwaukee Bucks,99,Box Score,,
"Thu, Mar 7, 1991",Seattle SuperSonics,91,Minnesota Timberwolves,86,Box Score,,
"Thu, Mar 7, 1991",New Jersey Nets,99,San Antonio Spurs,111,Box Score,,
"Fri, Mar 8, 1991",Utah Jazz,89,Chicago Bulls,99,Box Score,,
"Fri, Mar 8, 1991",Boston Celtics,104,Los Angeles Clippers,98,Box Score,,
"Fri, Mar 8, 1991",Atlanta Hawks,102,Miami Heat,96,Box Score,,
"Fri, Mar 8, 1991",Denver Nuggets,113,Orlando Magic,129,Box Score,,
"Fri, Mar 8, 1991",Cleveland Cavaliers,79,Sacramento Kings,87,Box Score,,
"Fri, Mar 8, 1991",Phoenix Suns,117,Washington Bullets,91,Box Score,,
"Sat, Mar 9, 1991",Philadelphia 76ers,80,Houston Rockets,97,Box Score,,
"Sat, Mar 9, 1991",Detroit Pistons,114,Indiana Pacers,112,Box Score,,
"Sat, Mar 9, 1991",Charlotte Hornets,107,Milwaukee Bucks,98,Box Score,,
"Sat, Mar 9, 1991",Utah Jazz,92,New York Knicks,101,Box Score,,
"Sat, Mar 9, 1991",Seattle SuperSonics,99,San Antonio Spurs,112,Box Score,,
"Sat, Mar 9, 1991",Los Angeles Lakers,87,Washington Bullets,72,Box Score,,
"Sun, Mar 10, 1991",Chicago Bulls,122,Atlanta Hawks,87,Box Score,,
"Sun, Mar 10, 1991",Dallas Mavericks,110,Denver Nuggets,124,Box Score,,
"Sun, Mar 10, 1991",Sacramento Kings,87,Golden State Warriors,97,Box Score,,
"Sun, Mar 10, 1991",Cleveland Cavaliers,98,Los Angeles Clippers,93,Box Score,,
"Sun, Mar 10, 1991",New Jersey Nets,88,Miami Heat,101,Box Score,,
"Sun, Mar 10, 1991",Phoenix Suns,123,Minnesota Timberwolves,109,Box Score,,
"Sun, Mar 10, 1991",Los Angeles Lakers,115,Orlando Magic,101,Box Score,,
"Sun, Mar 10, 1991",Boston Celtics,111,Portland Trail Blazers,109,Box Score,OT,
"Mon, Mar 11, 1991",Milwaukee Bucks,96,Detroit Pistons,85,Box Score,,
"Mon, Mar 11, 1991",New Jersey Nets,85,New York Knicks,90,Box Score,,
"Mon, Mar 11, 1991",Cleveland Cavaliers,96,Portland Trail Blazers,104,Box Score,,
"Mon, Mar 11, 1991",Utah Jazz,96,San Antonio Spurs,105,Box Score,,
"Tue, Mar 12, 1991",Philadelphia 76ers,133,Atlanta Hawks,129,Box Score,2OT,
"Tue, Mar 12, 1991",Washington Bullets,103,Charlotte Hornets,100,Box Score,,
"Tue, Mar 12, 1991",Minnesota Timberwolves,99,Chicago Bulls,131,Box Score,,
"Tue, Mar 12, 1991",Los Angeles Clippers,126,Denver Nuggets,123,Box Score,OT,
"Tue, Mar 12, 1991",Indiana Pacers,117,Golden State Warriors,129,Box Score,,
"Tue, Mar 12, 1991",Seattle SuperSonics,91,Houston Rockets,93,Box Score,,
"Tue, Mar 12, 1991",Los Angeles Lakers,102,Miami Heat,95,Box Score,,
"Tue, Mar 12, 1991",Boston Celtics,110,Sacramento Kings,95,Box Score,,
"Wed, Mar 13, 1991",Seattle SuperSonics,96,Dallas Mavericks,98,Box Score,,
"Wed, Mar 13, 1991",Charlotte Hornets,83,Detroit Pistons,94,Box Score,,
"Wed, Mar 13, 1991",San Antonio Spurs,93,Los Angeles Clippers,97,Box Score,,
"Wed, Mar 13, 1991",Chicago Bulls,102,Milwaukee Bucks,101,Box Score,,
"Wed, Mar 13, 1991",New York Knicks,102,Philadelphia 76ers,94,Box Score,,
"Wed, Mar 13, 1991",Portland Trail Blazers,108,Phoenix Suns,116,Box Score,,
"Wed, Mar 13, 1991",Boston Celtics,109,Utah Jazz,112,Box Score,OT,
"Thu, Mar 14, 1991",Milwaukee Bucks,101,Cleveland Cavaliers,103,Box Score,,
"Thu, Mar 14, 1991",Minnesota Timberwolves,105,Denver Nuggets,112,Box Score,,
"Thu, Mar 14, 1991",San Antonio Spurs,101,Golden State Warriors,99,Box Score,,
"Thu, Mar 14, 1991",Orlando Magic,95,Houston Rockets,119,Box Score,,
"Thu, Mar 14, 1991",Detroit Pistons,110,New Jersey Nets,118,Box Score,,
"Thu, Mar 14, 1991",Miami Heat,121,New York Knicks,125,Box Score,2OT,
"Thu, Mar 14, 1991",Indiana Pacers,107,Sacramento Kings,103,Box Score,,
"Fri, Mar 15, 1991",Chicago Bulls,105,Charlotte Hornets,92,Box Score,,
"Fri, Mar 15, 1991",Atlanta Hawks,127,Dallas Mavericks,117,Box Score,,
"Fri, Mar 15, 1991",Indiana Pacers,121,Los Angeles Clippers,109,Box Score,,
"Fri, Mar 15, 1991",Denver Nuggets,117,Los Angeles Lakers,127,Box Score,,
"Fri, Mar 15, 1991",Miami Heat,103,Philadelphia 76ers,105,Box Score,OT,
"Fri, Mar 15, 1991",Houston Rockets,135,Phoenix Suns,128,Box Score,,
"Fri, Mar 15, 1991",Minnesota Timberwolves,100,Seattle SuperSonics,96,Box Score,OT,
"Fri, Mar 15, 1991",Portland Trail Blazers,106,Utah Jazz,96,Box Score,,
"Fri, Mar 15, 1991",Boston Celtics,94,Washington Bullets,86,Box Score,,
"Sat, Mar 16, 1991",Chicago Bulls,102,Cleveland Cavaliers,98,Box Score,,
"Sat, Mar 16, 1991",Golden State Warriors,117,Dallas Mavericks,105,Box Score,,
"Sat, Mar 16, 1991",Orlando Magic,99,Detroit Pistons,106,Box Score,,
"Sat, Mar 16, 1991",Washington Bullets,86,New Jersey Nets,110,Box Score,,
"Sat, Mar 16, 1991",Atlanta Hawks,116,Phoenix Suns,128,Box Score,,
"Sat, Mar 16, 1991",San Antonio Spurs,85,Sacramento Kings,92,Box Score,,
"Sat, Mar 16, 1991",Utah Jazz,104,Seattle SuperSonics,98,Box Score,OT,
"Sun, Mar 17, 1991",Philadelphia 76ers,105,Boston Celtics,110,Box Score,,
"Sun, Mar 17, 1991",Indiana Pacers,130,Denver Nuggets,92,Box Score,,
"Sun, Mar 17, 1991",Golden State Warriors,119,Houston Rockets,123,Box Score,,
"Sun, Mar 17, 1991",San Antonio Spurs,91,Los Angeles Lakers,98,Box Score,,
"Sun, Mar 17, 1991",New York Knicks,101,Milwaukee Bucks,102,Box Score,,
"Sun, Mar 17, 1991",Miami Heat,87,Minnesota Timberwolves,90,Box Score,,
"Sun, Mar 17, 1991",Charlotte Hornets,121,New Jersey Nets,108,Box Score,,
"Sun, Mar 17, 1991",Los Angeles Clippers,107,Portland Trail Blazers,97,Box Score,,
"Mon, Mar 18, 1991",Denver Nuggets,108,Chicago Bulls,121,Box Score,,
"Mon, Mar 18, 1991",Sacramento Kings,86,Dallas Mavericks,104,Box Score,,
"Mon, Mar 18, 1991",Orlando Magic,91,Philadelphia 76ers,99,Box Score,,
"Mon, Mar 18, 1991",Indiana Pacers,103,Phoenix Suns,111,Box Score,,
"Tue, Mar 19, 1991",Boston Celtics,92,Atlanta Hawks,104,Box Score,,
"Tue, Mar 19, 1991",New York Knicks,97,Charlotte Hornets,79,Box Score,,
"Tue, Mar 19, 1991",Portland Trail Blazers,126,Golden State Warriors,136,Box Score,,
"Tue, Mar 19, 1991",Los Angeles Clippers,105,Los Angeles Lakers,119,Box Score,,
"Tue, Mar 19, 1991",Miami Heat,88,Milwaukee Bucks,101,Box Score,,
"Tue, Mar 19, 1991",Houston Rockets,98,Minnesota Timberwolves,85,Box Score,,
"Tue, Mar 19, 1991",Sacramento Kings,101,San Antonio Spurs,104,Box Score,,
"Wed, Mar 20, 1991",Washington Bullets,81,Boston Celtics,102,Box Score,,
"Wed, Mar 20, 1991",Atlanta Hawks,107,Chicago Bulls,129,Box Score,,
"Wed, Mar 20, 1991",Phoenix Suns,110,Dallas Mavericks,96,Box Score,,
"Wed, Mar 20, 1991",Utah Jazz,106,Denver Nuggets,98,Box Score,,
"Wed, Mar 20, 1991",Miami Heat,107,Indiana Pacers,117,Box Score,,
"Wed, Mar 20, 1991",Portland Trail Blazers,100,Los Angeles Clippers,96,Box Score,,
"Wed, Mar 20, 1991",Minnesota Timberwolves,111,New Jersey Nets,118,Box Score,OT,
"Wed, Mar 20, 1991",Cleveland Cavaliers,97,New York Knicks,102,Box Score,,
"Wed, Mar 20, 1991",Detroit Pistons,103,Philadelphia 76ers,107,Box Score,,
"Wed, Mar 20, 1991",Los Angeles Lakers,106,Seattle SuperSonics,114,Box Score,,
"Thu, Mar 21, 1991",Denver Nuggets,116,Golden State Warriors,136,Box Score,,
"Thu, Mar 21, 1991",Sacramento Kings,87,Houston Rockets,98,Box Score,,
"Thu, Mar 21, 1991",San Antonio Spurs,102,Orlando Magic,105,Box Score,,
"Thu, Mar 21, 1991",Charlotte Hornets,94,Utah Jazz,100,Box Score,,
"Fri, Mar 22, 1991",New York Knicks,102,Dallas Mavericks,104,Box Score,OT,
"Fri, Mar 22, 1991",New Jersey Nets,93,Detroit Pistons,109,Box Score,,
"Fri, Mar 22, 1991",Boston Celtics,109,Indiana Pacers,121,Box Score,,
"Fri, Mar 22, 1991",Charlotte Hornets,100,Los Angeles Clippers,106,Box Score,,
"Fri, Mar 22, 1991",Milwaukee Bucks,99,Los Angeles Lakers,92,Box Score,,
"Fri, Mar 22, 1991",San Antonio Spurs,97,Miami Heat,90,Box Score,,
"Fri, Mar 22, 1991",Cleveland Cavaliers,105,Minnesota Timberwolves,110,Box Score,,
"Fri, Mar 22, 1991",Chicago Bulls,90,Philadelphia 76ers,95,Box Score,,
"Fri, Mar 22, 1991",Seattle SuperSonics,111,Phoenix Suns,105,Box Score,,
"Fri, Mar 22, 1991",Atlanta Hawks,116,Washington Bullets,121,Box Score,,"at Baltimore, MD"
"Sat, Mar 23, 1991",Miami Heat,93,Atlanta Hawks,108,Box Score,,
"Sat, Mar 23, 1991",Indiana Pacers,119,Chicago Bulls,133,Box Score,,
"Sat, Mar 23, 1991",New Jersey Nets,82,Cleveland Cavaliers,108,Box Score,,
"Sat, Mar 23, 1991",Milwaukee Bucks,140,Denver Nuggets,136,Box Score,OT,
"Sat, Mar 23, 1991",Los Angeles Clippers,107,Golden State Warriors,104,Box Score,,
"Sat, Mar 23, 1991",New York Knicks,98,Houston Rockets,111,Box Score,,
"Sat, Mar 23, 1991",Dallas Mavericks,93,Orlando Magic,105,Box Score,,
"Sat, Mar 23, 1991",Phoenix Suns,100,Sacramento Kings,95,Box Score,,
"Sat, Mar 23, 1991",Minnesota Timberwolves,89,Utah Jazz,95,Box Score,,
"Sat, Mar 23, 1991",Philadelphia 76ers,99,Washington Bullets,102,Box Score,,
"Sun, Mar 24, 1991",Seattle SuperSonics,96,Los Angeles Lakers,113,Box Score,,
"Sun, Mar 24, 1991",Charlotte Hornets,102,Portland Trail Blazers,117,Box Score,,
"Sun, Mar 24, 1991",Detroit Pistons,78,San Antonio Spurs,85,Box Score,,
"Mon, Mar 25, 1991",Houston Rockets,100,Chicago Bulls,90,Box Score,,
"Mon, Mar 25, 1991",Detroit Pistons,118,Denver Nuggets,94,Box Score,,
"Mon, Mar 25, 1991",Phoenix Suns,94,Los Angeles Clippers,106,Box Score,,
"Mon, Mar 25, 1991",Golden State Warriors,106,Orlando Magic,115,Box Score,,
"Mon, Mar 25, 1991",Los Angeles Lakers,99,Sacramento Kings,89,Box Score,,
"Mon, Mar 25, 1991",Milwaukee Bucks,98,Utah Jazz,109,Box Score,,
"Mon, Mar 25, 1991",New Jersey Nets,106,Washington Bullets,113,Box Score,,
"Tue, Mar 26, 1991",Golden State Warriors,94,Charlotte Hornets,97,Box Score,,
"Tue, Mar 26, 1991",Atlanta Hawks,113,Indiana Pacers,123,Box Score,,
"Tue, Mar 26, 1991",Cleveland Cavaliers,98,Miami Heat,104,Box Score,,
"Tue, Mar 26, 1991",Philadelphia 76ers,95,New Jersey Nets,98,Box Score,OT,
"Tue, Mar 26, 1991",Minnesota Timberwolves,95,Phoenix Suns,117,Box Score,,
"Tue, Mar 26, 1991",Seattle SuperSonics,113,Portland Trail Blazers,126,Box Score,,
"Tue, Mar 26, 1991",New York Knicks,119,San Antonio Spurs,129,Box Score,OT,
"Wed, Mar 27, 1991",Orlando Magic,97,Dallas Mavericks,85,Box Score,,
"Wed, Mar 27, 1991",Indiana Pacers,93,Detroit Pistons,102,Box Score,,
"Wed, Mar 27, 1991",Utah Jazz,89,Los Angeles Clippers,95,Box Score,,
"Wed, Mar 27, 1991",Portland Trail Blazers,112,Seattle SuperSonics,107,Box Score,,"at Tacoma, WA"
"Thu, Mar 28, 1991",Houston Rockets,112,Atlanta Hawks,111,Box Score,,
"Thu, Mar 28, 1991",Philadelphia 76ers,90,Charlotte Hornets,94,Box Score,,
"Thu, Mar 28, 1991",Washington Bullets,95,Cleveland Cavaliers,102,Box Score,,
"Thu, Mar 28, 1991",Boston Celtics,88,Miami Heat,90,Box Score,,
"Thu, Mar 28, 1991",Chicago Bulls,128,New Jersey Nets,94,Box Score,,
"Thu, Mar 28, 1991",Golden State Warriors,106,New York Knicks,104,Box Score,,
"Thu, Mar 28, 1991",Milwaukee Bucks,88,Phoenix Suns,102,Box Score,,
"Thu, Mar 28, 1991",Utah Jazz,96,Sacramento Kings,116,Box Score,,
"Thu, Mar 28, 1991",Orlando Magic,95,San Antonio Spurs,119,Box Score,,
"Fri, Mar 29, 1991",Cleveland Cavaliers,108,Boston Celtics,110,Box Score,,
"Fri, Mar 29, 1991",Sacramento Kings,122,Denver Nuggets,140,Box Score,,
"Fri, Mar 29, 1991",Golden State Warriors,105,Detroit Pistons,111,Box Score,,
"Fri, Mar 29, 1991",Dallas Mavericks,96,Los Angeles Clippers,105,Box Score,,
"Fri, Mar 29, 1991",Portland Trail Blazers,109,Los Angeles Lakers,105,Box Score,OT,
"Fri, Mar 29, 1991",Charlotte Hornets,107,Philadelphia 76ers,124,Box Score,,
"Fri, Mar 29, 1991",Minnesota Timberwolves,107,Seattle SuperSonics,117,Box Score,,
"Fri, Mar 29, 1991",Chicago Bulls,112,Washington Bullets,94,Box Score,,
"Sat, Mar 30, 1991",Atlanta Hawks,96,Milwaukee Bucks,104,Box Score,,
"Sat, Mar 30, 1991",New York Knicks,130,New Jersey Nets,117,Box Score,,
"Sat, Mar 30, 1991",Houston Rockets,82,Orlando Magic,114,Box Score,,
"Sat, Mar 30, 1991",Minnesota Timberwolves,91,Portland Trail Blazers,121,Box Score,,
"Sat, Mar 30, 1991",Denver Nuggets,116,San Antonio Spurs,130,Box Score,,
"Sat, Mar 30, 1991",Dallas Mavericks,102,Seattle SuperSonics,115,Box Score,,
"Sun, Mar 31, 1991",Chicago Bulls,132,Boston Celtics,135,Box Score,2OT,
"Sun, Mar 31, 1991",Golden State Warriors,120,Indiana Pacers,127,Box Score,OT,
"Sun, Mar 31, 1991",Sacramento Kings,87,Los Angeles Lakers,115,Box Score,,
"Sun, Mar 31, 1991",Houston Rockets,123,Miami Heat,103,Box Score,,
"Sun, Mar 31, 1991",Cleveland Cavaliers,101,Philadelphia 76ers,110,Box Score,,
"Sun, Mar 31, 1991",Charlotte Hornets,102,Washington Bullets,92,Box Score,,
"Tue, Apr 2, 1991",Detroit Pistons,83,Charlotte Hornets,78,Box Score,,
"Tue, Apr 2, 1991",Orlando Magic,102,Chicago Bulls,106,Box Score,,
"Tue, Apr 2, 1991",Denver Nuggets,126,Dallas Mavericks,133,Box Score,,
"Tue, Apr 2, 1991",Portland Trail Blazers,104,Minnesota Timberwolves,93,Box Score,,
"Tue, Apr 2, 1991",Boston Celtics,94,New Jersey Nets,77,Box Score,,
"Tue, Apr 2, 1991",Milwaukee Bucks,121,Philadelphia 76ers,104,Box Score,,
"Tue, Apr 2, 1991",Utah Jazz,117,Phoenix Suns,131,Box Score,,
"Tue, Apr 2, 1991",Miami Heat,90,Sacramento Kings,96,Box Score,,
"Tue, Apr 2, 1991",Los Angeles Lakers,122,San Antonio Spurs,115,Box Score,,
"Tue, Apr 2, 1991",Cleveland Cavaliers,82,Washington Bullets,101,Box Score,,
"Wed, Apr 3, 1991",New York Knicks,84,Cleveland Cavaliers,95,Box Score,,
"Wed, Apr 3, 1991",Miami Heat,114,Golden State Warriors,127,Box Score,,
"Wed, Apr 3, 1991",Dallas Mavericks,86,Houston Rockets,102,Box Score,,
"Wed, Apr 3, 1991",Philadelphia 76ers,107,Indiana Pacers,104,Box Score,,
"Wed, Apr 3, 1991",Sacramento Kings,91,Seattle SuperSonics,106,Box Score,,
"Wed, Apr 3, 1991",Los Angeles Clippers,97,Utah Jazz,99,Box Score,,
"Thu, Apr 4, 1991",New Jersey Nets,104,Boston Celtics,123,Box Score,,
"Thu, Apr 4, 1991",Atlanta Hawks,91,Charlotte Hornets,98,Box Score,,
"Thu, Apr 4, 1991",San Antonio Spurs,105,Milwaukee Bucks,101,Box Score,,
"Thu, Apr 4, 1991",Denver Nuggets,122,Minnesota Timberwolves,134,Box Score,,
"Thu, Apr 4, 1991",Chicago Bulls,101,New York Knicks,91,Box Score,,
"Thu, Apr 4, 1991",Los Angeles Lakers,102,Phoenix Suns,98,Box Score,,
"Thu, Apr 4, 1991",Portland Trail Blazers,105,Washington Bullets,96,Box Score,,
"Fri, Apr 5, 1991",San Antonio Spurs,110,Chicago Bulls,107,Box Score,,
"Fri, Apr 5, 1991",Charlotte Hornets,101,Cleveland Cavaliers,104,Box Score,,
"Fri, Apr 5, 1991",Utah Jazz,93,Dallas Mavericks,87,Box Score,,
"Fri, Apr 5, 1991",Houston Rockets,126,Denver Nuggets,120,Box Score,,
"Fri, Apr 5, 1991",Minnesota Timberwolves,82,Detroit Pistons,101,Box Score,,
"Fri, Apr 5, 1991",Phoenix Suns,101,Golden State Warriors,118,Box Score,,
"Fri, Apr 5, 1991",Washington Bullets,103,Indiana Pacers,117,Box Score,,
"Fri, Apr 5, 1991",Seattle SuperSonics,90,Los Angeles Clippers,109,Box Score,,
"Fri, Apr 5, 1991",Miami Heat,87,Los Angeles Lakers,108,Box Score,,
"Fri, Apr 5, 1991",Portland Trail Blazers,115,Orlando Magic,98,Box Score,,
"Sat, Apr 6, 1991",Indiana Pacers,110,Atlanta Hawks,137,Box Score,,
"Sat, Apr 6, 1991",Utah Jazz,88,Houston Rockets,97,Box Score,,
"Sat, Apr 6, 1991",New Jersey Nets,114,Milwaukee Bucks,133,Box Score,,
"Sat, Apr 6, 1991",Detroit Pistons,88,New York Knicks,101,Box Score,,
"Sat, Apr 6, 1991",Boston Celtics,98,Orlando Magic,102,Box Score,,
"Sat, Apr 6, 1991",Golden State Warriors,108,Sacramento Kings,119,Box Score,,
"Sun, Apr 7, 1991",Cleveland Cavaliers,102,Charlotte Hornets,100,Box Score,,
"Sun, Apr 7, 1991",Philadelphia 76ers,114,Chicago Bulls,111,Box Score,OT,
"Sun, Apr 7, 1991",Portland Trail Blazers,110,Dallas Mavericks,92,Box Score,,
"Sun, Apr 7, 1991",Seattle SuperSonics,124,Denver Nuggets,117,Box Score,,
"Sun, Apr 7, 1991",Sacramento Kings,109,Los Angeles Clippers,119,Box Score,,
"Sun, Apr 7, 1991",Phoenix Suns,85,Los Angeles Lakers,93,Box Score,,
"Sun, Apr 7, 1991",San Antonio Spurs,92,Minnesota Timberwolves,87,Box Score,,
"Mon, Apr 8, 1991",Washington Bullets,94,Atlanta Hawks,105,Box Score,,
"Mon, Apr 8, 1991",Golden State Warriors,105,San Antonio Spurs,115,Box Score,,
"Mon, Apr 8, 1991",Denver Nuggets,112,Seattle SuperSonics,118,Box Score,,
"Mon, Apr 8, 1991",Orlando Magic,95,Utah Jazz,111,Box Score,,
"Tue, Apr 9, 1991",Indiana Pacers,122,Charlotte Hornets,120,Box Score,,
"Tue, Apr 9, 1991",New York Knicks,106,Chicago Bulls,108,Box Score,,
"Tue, Apr 9, 1991",Atlanta Hawks,104,Cleveland Cavaliers,98,Box Score,,
"Tue, Apr 9, 1991",Portland Trail Blazers,103,Houston Rockets,93,Box Score,,
"Tue, Apr 9, 1991",Orlando Magic,110,Los Angeles Clippers,100,Box Score,,
"Tue, Apr 9, 1991",Detroit Pistons,95,Milwaukee Bucks,105,Box Score,,
"Tue, Apr 9, 1991",New Jersey Nets,89,Minnesota Timberwolves,109,Box Score,,
"Tue, Apr 9, 1991",Golden State Warriors,106,Phoenix Suns,120,Box Score,,
"Tue, Apr 9, 1991",Dallas Mavericks,104,Sacramento Kings,113,Box Score,,
"Wed, Apr 10, 1991",Cleveland Cavaliers,94,Detroit Pistons,90,Box Score,,
"Wed, Apr 10, 1991",Chicago Bulls,101,Indiana Pacers,96,Box Score,,
"Wed, Apr 10, 1991",Washington Bullets,106,Miami Heat,112,Box Score,,
"Wed, Apr 10, 1991",New York Knicks,84,Philadelphia 76ers,100,Box Score,,
"Wed, Apr 10, 1991",Portland Trail Blazers,105,San Antonio Spurs,100,Box Score,,
"Wed, Apr 10, 1991",Los Angeles Clippers,108,Seattle SuperSonics,140,Box Score,,"at Tacoma, WA"
"Wed, Apr 10, 1991",Dallas Mavericks,91,Utah Jazz,97,Box Score,,
"Thu, Apr 11, 1991",Houston Rockets,99,Golden State Warriors,111,Box Score,,
"Thu, Apr 11, 1991",Utah Jazz,95,Los Angeles Lakers,110,Box Score,,
"Thu, Apr 11, 1991",Boston Celtics,92,Milwaukee Bucks,111,Box Score,,
"Thu, Apr 11, 1991",Atlanta Hawks,98,Minnesota Timberwolves,112,Box Score,,
"Thu, Apr 11, 1991",Orlando Magic,96,Sacramento Kings,104,Box Score,,
"Fri, Apr 12, 1991",Miami Heat,109,Boston Celtics,119,Box Score,,
"Fri, Apr 12, 1991",Minnesota Timberwolves,110,Charlotte Hornets,111,Box Score,2OT,
"Fri, Apr 12, 1991",Chicago Bulls,91,Detroit Pistons,95,Box Score,,
"Fri, Apr 12, 1991",Denver Nuggets,130,Los Angeles Clippers,146,Box Score,,
"Fri, Apr 12, 1991",Cleveland Cavaliers,103,New Jersey Nets,104,Box Score,,
"Fri, Apr 12, 1991",Indiana Pacers,108,New York Knicks,112,Box Score,,
"Fri, Apr 12, 1991",Washington Bullets,95,Philadelphia 76ers,85,Box Score,,
"Fri, Apr 12, 1991",Dallas Mavericks,91,Phoenix Suns,103,Box Score,,
"Fri, Apr 12, 1991",San Antonio Spurs,99,Seattle SuperSonics,100,Box Score,,
"Sat, Apr 13, 1991",Milwaukee Bucks,91,Atlanta Hawks,97,Box Score,,
"Sat, Apr 13, 1991",New Jersey Nets,98,Cleveland Cavaliers,102,Box Score,,
"Sat, Apr 13, 1991",Dallas Mavericks,114,Golden State Warriors,132,Box Score,,
"Sat, Apr 13, 1991",Los Angeles Lakers,113,Portland Trail Blazers,118,Box Score,,
"Sat, Apr 13, 1991",Houston Rockets,95,Sacramento Kings,94,Box Score,,
"Sat, Apr 13, 1991",Orlando Magic,96,Seattle SuperSonics,105,Box Score,,
"Sat, Apr 13, 1991",Denver Nuggets,110,Utah Jazz,121,Box Score,,
"Sun, Apr 14, 1991",New York Knicks,102,Boston Celtics,115,Box Score,,
"Sun, Apr 14, 1991",Detroit Pistons,107,Indiana Pacers,125,Box Score,,
"Sun, Apr 14, 1991",Minnesota Timberwolves,96,Philadelphia 76ers,88,Box Score,,
"Sun, Apr 14, 1991",San Antonio Spurs,109,Phoenix Suns,101,Box Score,,
"Sun, Apr 14, 1991",Orlando Magic,119,Portland Trail Blazers,139,Box Score,,
"Sun, Apr 14, 1991",Miami Heat,96,Washington Bullets,101,Box Score,,
"Mon, Apr 15, 1991",Milwaukee Bucks,94,Chicago Bulls,103,Box Score,,
"Mon, Apr 15, 1991",Dallas Mavericks,106,Los Angeles Lakers,112,Box Score,,
"Mon, Apr 15, 1991",Sacramento Kings,94,Minnesota Timberwolves,112,Box Score,,
"Mon, Apr 15, 1991",Houston Rockets,97,Seattle SuperSonics,93,Box Score,,
"Tue, Apr 16, 1991",Miami Heat,87,Charlotte Hornets,92,Box Score,,
"Tue, Apr 16, 1991",Phoenix Suns,153,Denver Nuggets,118,Box Score,,
"Tue, Apr 16, 1991",Boston Celtics,90,Detroit Pistons,118,Box Score,,
"Tue, Apr 16, 1991",Indiana Pacers,132,New Jersey Nets,126,Box Score,,
"Tue, Apr 16, 1991",Philadelphia 76ers,99,New York Knicks,108,Box Score,OT,
"Tue, Apr 16, 1991",Atlanta Hawks,106,Orlando Magic,113,Box Score,,
"Tue, Apr 16, 1991",Houston Rockets,96,Portland Trail Blazers,115,Box Score,,
"Tue, Apr 16, 1991",Los Angeles Clippers,98,San Antonio Spurs,128,Box Score,,
"Tue, Apr 16, 1991",Sacramento Kings,101,Utah Jazz,111,Box Score,,
"Tue, Apr 16, 1991",Milwaukee Bucks,106,Washington Bullets,112,Box Score,OT,
"Wed, Apr 17, 1991",Charlotte Hornets,123,Atlanta Hawks,111,Box Score,,
"Wed, Apr 17, 1991",Orlando Magic,102,Cleveland Cavaliers,112,Box Score,,
"Wed, Apr 17, 1991",Minnesota Timberwolves,100,Dallas Mavericks,102,Box Score,,
"Wed, Apr 17, 1991",Los Angeles Lakers,111,Golden State Warriors,118,Box Score,,
"Wed, Apr 17, 1991",Chicago Bulls,111,Miami Heat,101,Box Score,,
"Wed, Apr 17, 1991",Los Angeles Clippers,100,Phoenix Suns,105,Box Score,,
"Thu, Apr 18, 1991",San Antonio Spurs,102,Houston Rockets,95,Box Score,,
"Thu, Apr 18, 1991",Boston Celtics,97,Philadelphia 76ers,122,Box Score,,
"Thu, Apr 18, 1991",Denver Nuggets,104,Sacramento Kings,123,Box Score,,
"Thu, Apr 18, 1991",Seattle SuperSonics,103,Utah Jazz,130,Box Score,,
"Thu, Apr 18, 1991",New Jersey Nets,108,Washington Bullets,103,Box Score,,
"Fri, Apr 19, 1991",Detroit Pistons,126,Atlanta Hawks,120,Box Score,,
"Fri, Apr 19, 1991",Chicago Bulls,115,Charlotte Hornets,99,Box Score,,
"Fri, Apr 19, 1991",Boston Celtics,117,Cleveland Cavaliers,124,Box Score,OT,
"Fri, Apr 19, 1991",Houston Rockets,107,Dallas Mavericks,113,Box Score,,
"Fri, Apr 19, 1991",San Antonio Spurs,122,Denver Nuggets,125,Box Score,,
"Fri, Apr 19, 1991",New York Knicks,118,Indiana Pacers,130,Box Score,,
"Fri, Apr 19, 1991",Golden State Warriors,114,Los Angeles Clippers,113,Box Score,,
"Fri, Apr 19, 1991",Philadelphia 76ers,100,Miami Heat,114,Box Score,,
"Fri, Apr 19, 1991",Milwaukee Bucks,91,Minnesota Timberwolves,109,Box Score,,
"Fri, Apr 19, 1991",Washington Bullets,107,Orlando Magic,112,Box Score,,
"Fri, Apr 19, 1991",Sacramento Kings,105,Portland Trail Blazers,127,Box Score,,
"Fri, Apr 19, 1991",Phoenix Suns,93,Seattle SuperSonics,104,Box Score,,
"Sat, Apr 20, 1991",Indiana Pacers,100,Milwaukee Bucks,133,Box Score,,
"Sat, Apr 20, 1991",Miami Heat,103,New Jersey Nets,118,Box Score,,
"Sat, Apr 20, 1991",Charlotte Hornets,102,New York Knicks,108,Box Score,,
"Sat, Apr 20, 1991",Los Angeles Lakers,93,Utah Jazz,107,Box Score,,
"Sun, Apr 21, 1991",Atlanta Hawks,117,Boston Celtics,105,Box Score,,
"Sun, Apr 21, 1991",Detroit Pistons,100,Chicago Bulls,108,Box Score,,
"Sun, Apr 21, 1991",Philadelphia 76ers,110,Cleveland Cavaliers,123,Box Score,,
"Sun, Apr 21, 1991",Utah Jazz,106,Golden State Warriors,125,Box Score,,
"Sun, Apr 21, 1991",Denver Nuggets,125,Houston Rockets,131,Box Score,,
"Sun, Apr 21, 1991",Seattle SuperSonics,100,Los Angeles Lakers,103,Box Score,,
"Sun, Apr 21, 1991",New Jersey Nets,110,Orlando Magic,120,Box Score,,
"Sun, Apr 21, 1991",Portland Trail Blazers,118,Phoenix Suns,135,Box Score,,
"Sun, Apr 21, 1991",Los Angeles Clippers,101,Sacramento Kings,105,Box Score,,
"Sun, Apr 21, 1991",Dallas Mavericks,101,San Antonio Spurs,135,Box Score,,
"Sun, Apr 21, 1991",Minnesota Timberwolves,89,Washington Bullets,87,Box Score,,
,Playoffs
"Thu, Apr 25, 1991",New York Knicks,85,Chicago Bulls,126,Box Score,,
"Thu, Apr 25, 1991",Houston Rockets,92,Los Angeles Lakers,94,Box Score,,
"Thu, Apr 25, 1991",Philadelphia 76ers,99,Milwaukee Bucks,90,Box Score,,
"Thu, Apr 25, 1991",Utah Jazz,129,Phoenix Suns,90,Box Score,,
"Thu, Apr 25, 1991",Golden State Warriors,121,San Antonio Spurs,130,Box Score,,
"Fri, Apr 26, 1991",Indiana Pacers,120,Boston Celtics,127,Box Score,,
"Fri, Apr 26, 1991",Atlanta Hawks,103,Detroit Pistons,98,Box Score,,
"Fri, Apr 26, 1991",Seattle SuperSonics,102,Portland Trail Blazers,110,Box Score,,
"Sat, Apr 27, 1991",Houston Rockets,98,Los Angeles Lakers,109,Box Score,,
"Sat, Apr 27, 1991",Philadelphia 76ers,116,Milwaukee Bucks,112,Box Score,OT,
"Sat, Apr 27, 1991",Utah Jazz,92,Phoenix Suns,102,Box Score,,
"Sat, Apr 27, 1991",Golden State Warriors,111,San Antonio Spurs,98,Box Score,,
"Sun, Apr 28, 1991",Indiana Pacers,130,Boston Celtics,118,Box Score,,
"Sun, Apr 28, 1991",New York Knicks,79,Chicago Bulls,89,Box Score,,
"Sun, Apr 28, 1991",Atlanta Hawks,88,Detroit Pistons,101,Box Score,,
"Sun, Apr 28, 1991",Seattle SuperSonics,106,Portland Trail Blazers,115,Box Score,,
"Tue, Apr 30, 1991",Detroit Pistons,103,Atlanta Hawks,91,Box Score,,
"Tue, Apr 30, 1991",Los Angeles Lakers,94,Houston Rockets,90,Box Score,,
"Tue, Apr 30, 1991",Chicago Bulls,103,New York Knicks,94,Box Score,,
"Tue, Apr 30, 1991",Milwaukee Bucks,100,Philadelphia 76ers,121,Box Score,,
"Tue, Apr 30, 1991",Portland Trail Blazers,99,Seattle SuperSonics,102,Box Score,,
"Tue, Apr 30, 1991",Phoenix Suns,98,Utah Jazz,107,Box Score,,
"Wed, May 1, 1991",San Antonio Spurs,106,Golden State Warriors,109,Box Score,,
"Wed, May 1, 1991",Boston Celtics,112,Indiana Pacers,105,Box Score,,
"Thu, May 2, 1991",Detroit Pistons,111,Atlanta Hawks,123,Box Score,,
"Thu, May 2, 1991",Portland Trail Blazers,89,Seattle SuperSonics,101,Box Score,,
"Thu, May 2, 1991",Phoenix Suns,93,Utah Jazz,101,Box Score,,
"Fri, May 3, 1991",San Antonio Spurs,97,Golden State Warriors,110,Box Score,,
"Fri, May 3, 1991",Boston Celtics,113,Indiana Pacers,116,Box Score,,
"Sat, May 4, 1991",Philadelphia 76ers,92,Chicago Bulls,105,Box Score,,
"Sat, May 4, 1991",Seattle SuperSonics,107,Portland Trail Blazers,119,Box Score,,
"Sun, May 5, 1991",Indiana Pacers,121,Boston Celtics,124,Box Score,,
"Sun, May 5, 1991",Atlanta Hawks,81,Detroit Pistons,113,Box Score,,
"Sun, May 5, 1991",Golden State Warriors,116,Los Angeles Lakers,126,Box Score,,
"Mon, May 6, 1991",Philadelphia 76ers,100,Chicago Bulls,112,Box Score,,
"Tue, May 7, 1991",Detroit Pistons,86,Boston Celtics,75,Box Score,,
"Tue, May 7, 1991",Utah Jazz,97,Portland Trail Blazers,117,Box Score,,
"Wed, May 8, 1991",Golden State Warriors,125,Los Angeles Lakers,124,Box Score,,
"Thu, May 9, 1991",Detroit Pistons,103,Boston Celtics,109,Box Score,,
"Thu, May 9, 1991",Utah Jazz,116,Portland Trail Blazers,118,Box Score,,
"Fri, May 10, 1991",Los Angeles Lakers,115,Golden State Warriors,112,Box Score,,
"Fri, May 10, 1991",Chicago Bulls,97,Philadelphia 76ers,99,Box Score,,
"Sat, May 11, 1991",Boston Celtics,115,Detroit Pistons,83,Box Score,,
"Sat, May 11, 1991",Portland Trail Blazers,101,Utah Jazz,107,Box Score,,
"Sun, May 12, 1991",Los Angeles Lakers,123,Golden State Warriors,107,Box Score,,
"Sun, May 12, 1991",Chicago Bulls,101,Philadelphia 76ers,85,Box Score,,
"Sun, May 12, 1991",Portland Trail Blazers,104,Utah Jazz,101,Box Score,,
"Mon, May 13, 1991",Boston Celtics,97,Detroit Pistons,104,Box Score,,
"Tue, May 14, 1991",Philadelphia 76ers,95,Chicago Bulls,100,Box Score,,
"Tue, May 14, 1991",Golden State Warriors,119,Los Angeles Lakers,124,Box Score,OT,
"Tue, May 14, 1991",Utah Jazz,96,Portland Trail Blazers,103,Box Score,,
"Wed, May 15, 1991",Detroit Pistons,116,Boston Celtics,111,Box Score,,
"Fri, May 17, 1991",Boston Celtics,113,Detroit Pistons,117,Box Score,OT,
"Sat, May 18, 1991",Los Angeles Lakers,111,Portland Trail Blazers,106,Box Score,,
"Sun, May 19, 1991",Detroit Pistons,83,Chicago Bulls,94,Box Score,,
"Tue, May 21, 1991",Detroit Pistons,97,Chicago Bulls,105,Box Score,,
"Tue, May 21, 1991",Los Angeles Lakers,98,Portland Trail Blazers,109,Box Score,,
"Fri, May 24, 1991",Portland Trail Blazers,92,Los Angeles Lakers,106,Box Score,,
"Sat, May 25, 1991",Chicago Bulls,113,Detroit Pistons,107,Box Score,,
"Sun, May 26, 1991",Portland Trail Blazers,95,Los Angeles Lakers,116,Box Score,,
"Mon, May 27, 1991",Chicago Bulls,115,Detroit Pistons,94,Box Score,,
"Tue, May 28, 1991",Los Angeles Lakers,84,Portland Trail Blazers,95,Box Score,,
"Thu, May 30, 1991",Portland Trail Blazers,90,Los Angeles Lakers,91,Box Score,,
"Sun, Jun 2, 1991",Los Angeles Lakers,93,Chicago Bulls,91,Box Score,,
"Wed, Jun 5, 1991",Los Angeles Lakers,86,Chicago Bulls,107,Box Score,,
"Fri, Jun 7, 1991",Chicago Bulls,104,Los Angeles Lakers,96,Box Score,OT,
"Sun, Jun 9, 1991",Chicago Bulls,97,Los Angeles Lakers,82,Box Score,,
"Wed, Jun 12, 1991",Chicago Bulls,108,Los Angeles Lakers,101,Box Score,,
